Name,Age,#days,Lev,Tm,G,GS,W,L,SV,IP,H,R,ER,BB,SO,HR,HBP,ERA,AB,2B,3B,IBB,GDP,SF,SB,CS,PO,BF,Pit,Str,StL,StS,GB/FB,LD,PU,WHIP,BAbip,SO9,SO/W
Fernando Abad,31,940,MLB-AL,Boston,11,0,,,,8.2,7,2,2,1,5,1,0,2.08,32,3,0,0,0,1,1,0,0,34,147,0.6,0.16,0.07,0.46,0.14,0.11,0.9229999999999999,0.222,5.2,5.0
Tim Adleman,29,941,MLB-NL,Cincinnati,5,4,2.0,1.0,,26.1,25,14,13,6,26,7,1,4.44,100,6,0,0,3,0,0,1,0,107,406,0.64,0.17,0.11,0.36,0.24,0.08,1.177,0.26899999999999996,8.9,4.33
Matt Albers,34,940,MLB-NL,Washington,11,0,2.0,,1.0,11.0,5,1,1,1,10,1,2,0.82,37,0,0,0,2,0,0,0,0,40,147,0.64,0.17,0.1,0.64,0.16,0.04,0.545,0.154,8.2,10.0
Al Alburquerque,31,939,MLB-AL,Kansas City,1,0,,,,1.0,1,0,0,0,1,0,0,0.0,3,0,0,0,1,0,0,0,0,3,6,1.0,0.0,0.67,1.0,0.0,0.0,1.0,0.5,9.0,
Raul Alcantara,24,957,MLB-AL,Oakland,2,0,,,,5.0,6,7,5,3,1,1,1,9.0,20,3,0,0,0,1,0,0,0,25,104,0.57,0.09,0.08,0.35,0.3,0.1,1.8,0.263,1.8,0.33
Scott Alexander,27,943,MLB-AL,Kansas City,9,0,,1.0,,12.0,7,2,2,4,8,1,0,1.5,41,1,0,0,2,0,1,0,0,45,155,0.66,0.15,0.09,0.85,0.06,0.0,0.917,0.188,6.0,2.0
Cody Allen,28,940,MLB-AL,Cleveland,10,0,,1.0,7.0,10.0,8,1,1,7,16,0,1,0.9,37,1,0,0,0,0,1,1,0,45,197,0.56,0.19,0.12,0.24,0.29,0.1,1.5,0.381,14.4,2.29
Dan Altavilla,24,940,MLB-AL,Seattle,6,0,,,,5.1,6,6,5,5,6,2,0,8.44,21,2,0,0,0,1,2,0,0,27,112,0.56,0.12,0.12,0.38,0.31,0.0,2.063,0.28600000000000003,10.1,1.2
Jose Alvarado,22,938,MLB-AL,Tampa Bay,5,0,,,,5.0,3,3,3,0,1,0,0,5.4,17,0,1,0,1,1,0,0,0,19,52,0.73,0.17,0.13,0.67,0.28,0.0,0.6,0.17600000000000002,1.8,
Dario Alvarez,28,944,MLB-AL,Texas,8,0,1.0,,,8.0,8,3,3,5,7,0,0,3.38,30,2,0,0,0,2,1,0,0,37,136,0.6,0.18,0.15,0.38,0.19,0.12,1.625,0.32,7.9,1.4
Jose Alvarez,28,941,MLB-AL,Los Angeles,14,0,,1.0,1.0,10.2,7,3,3,1,7,3,0,2.53,37,0,0,0,2,0,0,0,0,38,160,0.57,0.16,0.09,0.4,0.2,0.07,0.75,0.14800000000000002,5.9,7.0
Brett Anderson,29,944,MLB-NL,Chicago,4,4,1.0,2.0,,11.1,26,21,19,7,10,2,0,15.09,58,12,1,0,2,1,1,0,0,66,226,0.62,0.15,0.08,0.52,0.4,0.0,2.912,0.511,7.9,1.43
Chase Anderson,29,940,MLB-NL,Milwaukee,5,5,1.0,,,26.1,33,14,12,9,23,1,1,4.1,106,13,1,0,2,0,2,0,2,119,458,0.64,0.18,0.09,0.37,0.35,0.06,1.595,0.39,7.9,2.56
Tyler Anderson,27,937,MLB-NL,Colorado,6,6,1.0,3.0,,31.1,35,22,20,9,31,8,1,5.74,124,8,2,0,3,0,3,0,1,137,543,0.65,0.16,0.12,0.43,0.3,0.04,1.4040000000000001,0.318,8.9,3.44
Matt Andriese,27,941,MLB-AL,Tampa Bay,5,5,2.0,1.0,,30.1,25,11,9,11,28,5,0,2.67,112,1,0,0,3,0,2,1,1,123,492,0.64,0.16,0.11,0.54,0.19,0.06,1.187,0.253,8.3,2.55
Jayson Aquino,24,951,MLB-AL,Baltimore,3,1,1.0,1.0,,8.0,10,8,8,6,6,3,0,9.0,34,1,0,0,0,0,1,0,0,40,160,0.58,0.18,0.11,0.46,0.11,0.21,2.0,0.28,6.8,1.0
Chris Archer,28,940,MLB-AL,Tampa Bay,6,6,2.0,1.0,,38.2,32,14,14,12,46,4,2,3.26,144,8,1,0,4,0,1,0,0,158,630,0.64,0.17,0.13,0.34,0.33,0.08,1.138,0.298,10.7,3.83
Shawn Armstrong,26,948,MLB-AL,Cleveland,1,0,,,,2.2,0,0,0,1,3,0,1,0.0,8,0,0,0,0,0,0,0,0,10,42,0.64,0.14,0.12,0.4,0.0,0.0,0.375,0.0,10.1,3.0
Jake Arrieta,31,941,MLB-NL,Chicago,5,5,2.0,2.0,,25.2,38,25,20,8,28,5,0,7.01,109,5,2,0,1,2,4,1,0,119,467,0.64,0.18,0.11,0.39,0.28,0.06,1.7919999999999998,0.423,9.8,3.5
Bronson Arroyo,40,939,MLB-NL,Cincinnati,5,5,3.0,,,26.1,24,14,13,8,20,5,0,4.44,102,9,0,0,2,0,0,0,0,110,415,0.66,0.2,0.08,0.34,0.34,0.09,1.215,0.247,6.8,2.5
Alec Asher,25,937,MLB-AL,Baltimore,7,2,1.0,2.0,,21.1,19,7,7,5,16,4,4,2.95,79,1,0,0,2,1,0,0,0,90,355,0.6,0.19,0.08,0.31,0.4,0.05,1.125,0.25,6.8,3.2
Barrett Astin,25,942,MLB-NL,Cincinnati,3,0,,,,2.2,4,3,3,4,0,2,0,10.13,12,0,0,0,0,0,0,0,0,16,61,0.48,0.11,0.03,0.58,0.17,0.0,3.0,0.2,0.0,0.0
Luis Avilan,27,938,MLB-NL,Los Angeles,13,0,,,,6.1,8,2,2,5,7,0,0,2.84,24,1,1,1,1,0,1,2,1,29,127,0.56,0.09,0.14,0.65,0.24,0.0,2.053,0.47100000000000003,9.9,1.4
Erick Aybar,33,962,MLB-NL,San Diego,1,0,,,,0.1,0,0,0,0,0,0,0,0.0,1,0,0,0,0,0,0,0,0,1,3,1.0,0.33,0.0,1.0,0.0,0.0,0.0,0.0,0.0,
Pedro Baez,29,937,MLB-NL,Los Angeles,14,0,,,,14.2,6,2,2,10,14,2,0,1.23,49,1,0,1,0,0,0,1,0,59,244,0.64,0.11,0.15,0.37,0.2,0.11,1.091,0.121,8.6,1.4
Johnny Barbato,24,938,MLB-NL,Pittsburgh,5,0,,,,9.0,7,4,4,5,7,2,2,4.0,33,2,0,0,1,0,0,0,0,40,139,0.63,0.16,0.14,0.42,0.15,0.08,1.3330000000000002,0.20800000000000002,7.0,1.4
Danny Barnes,27,938,MLB-AL,Toronto,9,0,,,,13.1,10,2,2,3,13,0,0,1.35,50,1,0,0,0,0,1,1,0,53,215,0.64,0.17,0.1,0.42,0.22,0.14,0.975,0.27,8.8,4.33
Jacob Barnes,27,937,MLB-NL,Milwaukee,15,0,,,1.0,13.1,14,9,8,7,18,1,0,5.4,52,5,0,0,3,1,2,0,0,60,245,0.61,0.16,0.16,0.62,0.24,0.0,1.575,0.382,12.2,2.57
Matt Barnes,27,939,MLB-AL,Boston,10,0,1.0,1.0,,8.2,8,7,7,7,5,3,0,7.27,33,0,0,0,1,0,1,0,0,40,180,0.56,0.14,0.11,0.54,0.25,0.04,1.7309999999999999,0.2,5.2,0.71
Tony Barnette,33,937,MLB-AL,Texas,10,0,1.0,,,10.0,15,7,7,3,7,1,0,6.3,41,5,0,1,1,2,0,0,0,46,183,0.64,0.16,0.11,0.54,0.24,0.05,1.8,0.4,6.3,2.33
Kyle Barraclough,27,938,MLB-NL,Miami,10,0,,,,10.1,6,7,5,11,9,0,0,4.35,36,2,0,2,0,2,2,0,0,49,180,0.56,0.16,0.1,0.45,0.21,0.07,1.645,0.207,7.8,0.82
Anthony Bass,29,947,MLB-AL,Texas,2,0,,,,5.2,14,9,9,0,1,1,0,14.29,30,4,0,0,0,1,0,0,0,31,111,0.64,0.14,0.08,0.47,0.38,0.03,2.471,0.44799999999999995,1.6,
Antonio Bastardo,31,956,MLB-NL,Pittsburgh,2,0,,,,2.2,7,3,3,2,2,1,0,10.13,15,2,0,0,0,0,0,0,0,17,76,0.55,0.13,0.05,0.08,0.31,0.23,3.375,0.5,6.8,1.0
Trevor Bauer,26,942,MLB-AL,Cleveland,5,5,2.0,3.0,,27.1,30,23,23,15,30,6,0,7.57,107,9,0,0,2,1,0,0,0,123,547,0.6,0.19,0.09,0.38,0.33,0.06,1.646,0.33299999999999996,9.9,2.0
Chris Beck,26,938,MLB-AL,Chicago,6,0,,,,10.2,12,6,6,4,8,3,0,5.06,41,2,0,0,2,1,0,0,0,46,167,0.62,0.16,0.09,0.4,0.29,0.09,1.5,0.29,6.8,2.0
Cam Bedrosian,25,959,MLB-AL,Los Angeles,3,0,,,1.0,3.0,4,0,0,0,4,0,0,0.0,12,2,0,0,1,0,0,0,0,12,49,0.69,0.16,0.14,0.38,0.25,0.13,1.3330000000000002,0.5,12.0,
Matt Belisle,37,938,MLB-AL,Minnesota,13,0,,,,10.2,10,12,12,8,6,1,1,10.13,41,4,1,2,0,1,1,0,0,51,201,0.63,0.18,0.06,0.36,0.31,0.11,1.6880000000000002,0.257,5.1,0.75
Chad Bell,28,938,MLB-AL,Detroit,2,0,,,,2.2,1,0,0,1,2,0,0,0.0,10,0,0,1,0,0,0,0,0,11,43,0.6,0.09,0.14,0.63,0.38,0.0,0.75,0.125,6.8,2.0
Joaquin Benoit,39,937,MLB-NL,Philadelphia,12,0,,2.0,1.0,11.0,8,9,9,8,8,2,0,7.36,40,2,0,1,1,0,1,0,0,48,184,0.59,0.14,0.12,0.32,0.23,0.13,1.455,0.2,6.5,1.0
Christian Bergman,29,938,MLB-AL,Seattle,2,1,,1.0,,8.2,8,4,4,2,3,1,1,4.15,30,1,0,0,1,1,1,0,0,37,106,0.71,0.22,0.07,0.57,0.18,0.07,1.1540000000000001,0.259,3.1,1.5
Jose Berrios,23,937,MLB-AL,Minnesota,1,1,1.0,,,7.2,2,1,1,1,4,0,1,1.17,25,0,1,0,0,0,0,0,0,27,104,0.68,0.16,0.07,0.33,0.19,0.24,0.391,0.095,4.7,4.0
Dellin Betances,29,941,MLB-AL,New York,9,0,2.0,,,8.1,2,0,0,7,17,0,0,0.0,27,0,0,0,0,0,1,0,0,34,139,0.57,0.19,0.18,0.7,0.0,0.1,1.08,0.2,18.4,2.43
Christian Bethancourt,25,962,MLB-NL,San Diego,2,0,,,,2.0,3,2,0,2,2,0,0,0.0,9,0,1,0,1,0,0,0,0,11,46,0.59,0.09,0.09,0.57,0.14,0.29,2.5,0.429,9.0,1.0
Joe Biagini,27,938,MLB-AL,Toronto,11,2,1.0,1.0,1.0,20.0,17,7,6,0,19,1,2,2.7,74,3,0,0,2,0,0,0,0,76,273,0.68,0.17,0.1,0.61,0.21,0.04,0.85,0.29600000000000004,8.6,
Ty Blach,26,939,MLB-NL,San Francisco,7,4,,2.0,,24.2,24,14,12,6,6,2,1,4.38,94,5,1,0,2,1,3,0,0,105,378,0.63,0.17,0.05,0.48,0.26,0.08,1.216,0.253,2.2,1.0
Joe Blanton,36,937,MLB-NL,Washington,9,0,,1.0,,6.1,14,11,10,4,7,4,1,14.21,32,4,1,1,1,0,3,0,0,38,173,0.58,0.1,0.13,0.32,0.24,0.04,2.842,0.47600000000000003,9.9,1.75
Richard Bleier,30,947,MLB-AL,Baltimore,1,0,,,,4.0,5,3,1,1,0,0,0,2.25,17,1,0,0,1,1,1,0,0,19,64,0.61,0.16,0.05,0.53,0.26,0.11,1.5,0.278,0.0,0.0
Jerry Blevins,33,940,MLB-NL,New York,14,0,1.0,,,8.2,5,1,1,2,11,0,0,1.04,30,1,0,0,1,0,1,0,0,32,142,0.64,0.18,0.16,0.39,0.28,0.06,0.8079999999999999,0.263,11.4,5.5
Mike Bolsinger,29,941,MLB-AL,Toronto,1,1,,1.0,,5.2,3,2,2,4,4,0,0,3.18,20,2,0,0,0,0,0,0,0,24,92,0.63,0.23,0.08,0.5,0.31,0.13,1.235,0.188,6.4,1.0
Lisalverto Bonilla,27,937,MLB-NL,Cincinnati,2,1,,1.0,,13.0,9,7,7,5,11,3,1,4.85,47,1,1,0,1,0,3,0,0,53,184,0.63,0.13,0.16,0.4,0.23,0.06,1.077,0.182,7.6,2.2
Buddy Boshers,29,952,MLB-AL,Minnesota,2,0,,,,3.0,1,1,1,1,1,1,0,3.0,10,0,0,0,0,0,0,0,0,11,42,0.69,0.19,0.12,0.33,0.33,0.11,0.667,0.0,3.0,1.0
Matt Bowman,26,937,MLB-NL,St. Louis,14,0,1.0,1.0,,12.2,10,7,6,3,10,1,1,4.26,46,1,1,0,3,0,1,0,0,50,194,0.63,0.22,0.08,0.56,0.19,0.03,1.026,0.257,7.1,3.33
Matthew Boyd,26,940,MLB-AL,Detroit,5,5,1.0,2.0,,31.0,32,13,12,13,21,3,0,3.48,118,7,1,3,3,2,2,3,2,133,486,0.64,0.15,0.09,0.46,0.22,0.06,1.452,0.302,6.1,1.62
Brad Brach,31,940,MLB-AL,Baltimore,14,0,,1.0,8.0,14.0,13,8,8,5,11,2,0,5.14,52,3,0,1,2,0,0,0,0,57,251,0.67,0.16,0.12,0.51,0.29,0.12,1.286,0.282,7.1,2.2
Silvino Bracho,24,955,MLB-NL,Arizona,2,0,,,,1.1,2,4,3,1,2,1,0,20.25,7,0,0,0,0,0,0,0,0,8,36,0.64,0.11,0.19,0.6,0.0,0.0,2.25,0.25,13.5,2.0
Archie Bradley,24,941,MLB-NL,Arizona,7,0,1.0,,,11.0,8,3,3,2,13,2,1,2.45,39,0,0,0,2,0,0,0,0,42,178,0.69,0.23,0.16,0.42,0.27,0.04,0.909,0.25,10.6,6.5
Craig Breslow,36,943,MLB-AL,Minnesota,11,0,1.0,,,9.1,8,3,3,3,4,1,2,2.89,33,2,0,0,1,0,0,1,0,39,141,0.63,0.2,0.06,0.55,0.21,0.03,1.179,0.25,3.9,1.33
Austin Brice,25,938,MLB-NL,Cincinnati,3,0,,,,4.2,2,0,0,0,4,0,0,0.0,15,0,0,0,0,1,0,0,0,16,64,0.7,0.13,0.13,0.33,0.25,0.08,0.429,0.16699999999999998,7.7,
Zack Britton,29,946,MLB-AL,Baltimore,3,0,,,1.0,3.0,5,1,1,1,3,0,0,3.0,12,0,0,0,0,0,0,0,0,13,49,0.61,0.14,0.1,0.33,0.56,0.0,2.0,0.556,9.0,3.0
Jonathan Broxton,33,938,MLB-NL,St. Louis,10,0,,,,8.1,11,2,2,5,7,1,0,2.16,32,0,0,1,2,0,1,1,0,38,150,0.65,0.12,0.11,0.5,0.25,0.04,1.92,0.41700000000000004,7.6,1.4
Ryan Buchter,30,938,MLB-NL,San Diego,11,0,2.0,1.0,,11.1,7,3,3,1,10,3,0,2.38,40,2,0,0,0,0,0,1,1,41,164,0.68,0.2,0.09,0.27,0.17,0.2,0.706,0.14800000000000002,7.9,10.0
Madison Bumgarner,27,961,MLB-NL,San Francisco,1,1,,1.0,,6.0,7,1,1,1,4,0,0,1.5,25,2,0,0,0,0,2,0,0,26,101,0.62,0.09,0.1,0.52,0.29,0.05,1.3330000000000002,0.33299999999999996,6.0,4.0
Dylan Bundy,24,938,MLB-AL,Baltimore,6,6,4.0,,,38.1,30,9,9,10,25,4,1,2.11,137,7,0,0,6,1,2,1,0,149,640,0.64,0.15,0.1,0.29,0.31,0.15,1.043,0.239,5.9,2.5
Matt Bush,31,937,MLB-AL,Texas,9,0,2.0,,3.0,9.0,5,1,0,3,13,0,0,0.0,32,1,0,0,0,1,1,0,0,36,145,0.69,0.14,0.13,0.33,0.24,0.14,0.889,0.25,13.0,4.33
Eddie Butler,26,938,MLB-NL,Chicago,1,1,1.0,,,6.0,2,0,0,3,5,0,0,0.0,20,0,0,0,0,0,0,0,0,23,94,0.6,0.16,0.09,0.5,0.07,0.29,0.833,0.133,7.5,1.67
Trevor Cahill,29,937,MLB-NL,San Diego,6,6,3.0,1.0,,35.2,28,15,13,14,44,2,1,3.28,132,3,0,1,3,0,7,1,0,147,600,0.63,0.2,0.15,0.63,0.15,0.06,1.178,0.302,11.1,3.14
Matt Cain,32,940,MLB-NL,San Francisco,5,5,1.0,1.0,,26.1,26,14,13,11,18,2,0,4.44,100,2,0,1,1,1,8,2,1,112,400,0.62,0.2,0.06,0.42,0.26,0.11,1.405,0.29600000000000004,6.2,1.64
Leonel Campos,29,937,MLB-AL,Toronto,3,0,,,,2.2,2,0,0,1,1,0,0,0.0,8,1,0,0,2,0,0,0,0,9,26,0.58,0.19,0.08,0.71,0.0,0.14,1.125,0.28600000000000003,3.4,1.0
Shane Carle,25,966,MLB-NL,Colorado,1,0,,,,1.0,0,0,0,0,1,0,0,0.0,4,0,0,0,0,0,0,0,0,4,21,0.57,0.1,0.14,0.0,0.0,0.33,0.0,0.0,9.0,
Carlos Carrasco,30,941,MLB-AL,Cleveland,5,5,3.0,2.0,,35.2,21,7,7,7,32,3,0,1.77,120,5,0,0,3,1,1,3,0,128,507,0.66,0.18,0.13,0.51,0.21,0.06,0.785,0.209,8.1,4.57
Andrew Cashner,30,938,MLB-AL,Texas,6,6,,3.0,,33.1,25,11,9,20,17,3,2,2.43,118,5,1,0,6,0,3,3,1,140,550,0.57,0.17,0.05,0.49,0.21,0.07,1.35,0.22399999999999998,4.6,0.85
Santiago Casilla,36,938,MLB-AL,Oakland,11,0,1.0,2.0,5.0,10.1,10,8,8,5,7,2,1,6.97,37,2,0,0,1,2,4,0,0,46,177,0.59,0.16,0.07,0.45,0.26,0.03,1.452,0.267,6.1,1.4
Brett Cecil,30,938,MLB-NL,St. Louis,15,0,,,,10.2,13,5,4,5,15,2,0,3.38,42,3,0,1,1,2,3,0,0,49,192,0.65,0.12,0.17,0.41,0.24,0.1,1.6880000000000002,0.40700000000000003,12.7,3.0
Xavier Cedeno,30,964,MLB-AL,Tampa Bay,2,0,,,,1.1,1,0,0,1,0,0,0,0.0,5,0,0,1,0,0,0,0,0,6,17,0.59,0.12,0.0,0.4,0.6,0.0,1.5,0.2,0.0,0.0
Luis Cessa,25,949,MLB-AL,New York,1,0,,,,3.1,4,2,2,1,1,1,0,5.4,12,0,0,0,1,0,0,0,0,13,55,0.58,0.18,0.05,0.5,0.42,0.0,1.5,0.3,2.7,1.0
Jhoulys Chacin,29,938,MLB-NL,San Diego,6,6,3.0,2.0,,35.2,35,18,17,13,28,5,1,4.29,137,5,0,0,3,0,1,1,1,151,562,0.63,0.19,0.07,0.51,0.24,0.08,1.3459999999999999,0.28800000000000003,7.1,2.15
Andrew Chafin,27,937,MLB-NL,Arizona,10,0,,,,8.2,6,2,2,1,13,0,0,2.08,32,1,0,0,0,0,0,0,0,33,133,0.66,0.19,0.1,0.53,0.32,0.0,0.8079999999999999,0.316,13.5,13.0
Aroldis Chapman,29,938,MLB-AL,New York,10,0,1.0,,5.0,9.0,11,5,5,6,14,0,1,5.0,38,2,0,1,1,0,2,0,0,45,191,0.65,0.19,0.14,0.42,0.33,0.13,1.889,0.45799999999999996,14.0,2.33
Tyler Chatwood,27,938,MLB-NL,Colorado,6,6,3.0,3.0,,36.2,29,20,20,18,25,5,0,4.91,131,5,2,0,5,0,1,1,0,149,559,0.58,0.15,0.09,0.57,0.3,0.03,1.2819999999999998,0.23800000000000002,6.1,1.39
Jesse Chavez,33,940,MLB-AL,Los Angeles,6,5,1.0,4.0,,32.0,30,15,14,12,26,5,1,3.94,119,3,1,0,5,1,2,2,0,133,521,0.62,0.19,0.08,0.47,0.24,0.02,1.3130000000000002,0.281,7.3,2.17
Wei-Yin Chen,31,949,MLB-NL,Miami,3,3,1.0,1.0,,18.0,9,6,6,8,12,1,1,3.0,62,1,0,0,0,0,0,0,0,71,279,0.63,0.16,0.08,0.39,0.24,0.1,0.9440000000000001,0.163,6.0,1.5
Tony Cingrani,27,962,MLB-NL,Cincinnati,2,0,,,,1.2,3,1,1,0,1,1,0,5.4,8,1,0,0,0,0,0,0,0,8,35,0.74,0.2,0.06,0.43,0.29,0.0,1.8,0.33299999999999996,5.4,
Alex Claudio,25,938,MLB-AL,Texas,11,1,,,1.0,13.0,13,5,5,3,6,3,0,3.46,48,1,0,0,4,0,0,0,0,51,177,0.64,0.2,0.08,0.6,0.31,0.02,1.2309999999999999,0.256,4.2,2.0
Mike Clevinger,26,937,MLB-AL,Cleveland,2,2,1.0,1.0,,10.0,4,3,3,9,10,0,0,2.7,31,1,0,0,0,0,0,1,0,40,175,0.56,0.14,0.11,0.4,0.25,0.15,1.3,0.19,9.0,1.11
Tyler Clippard,32,938,MLB-AL,New York,12,0,,,1.0,11.0,6,1,1,5,15,1,1,0.82,38,0,0,0,0,0,1,0,0,45,188,0.66,0.21,0.16,0.39,0.26,0.09,1.0,0.22699999999999998,12.3,3.0
Alex Cobb,29,938,MLB-AL,Tampa Bay,6,6,2.0,2.0,,36.1,40,17,15,11,20,3,2,3.72,141,9,0,1,3,0,1,1,0,155,586,0.64,0.22,0.05,0.5,0.26,0.09,1.4040000000000001,0.314,5.0,1.82
A.J. Cole,25,944,MLB-NL,Washington,1,1,1.0,,,6.0,6,1,1,4,2,0,0,1.5,20,0,0,0,1,0,1,1,0,24,109,0.53,0.18,0.06,0.47,0.26,0.05,1.6669999999999998,0.33299999999999996,3.0,0.5
Gerrit Cole,26,939,MLB-NL,Pittsburgh,6,6,1.0,3.0,,39.0,28,11,9,7,41,4,0,2.08,142,8,0,0,2,0,7,1,0,150,582,0.67,0.18,0.12,0.52,0.24,0.06,0.897,0.247,9.5,5.86
Josh Collmenter,31,943,MLB-NL,Atlanta,7,0,,1.0,,11.0,17,8,6,4,13,1,0,4.91,49,4,0,1,1,1,0,0,0,54,205,0.6,0.17,0.14,0.37,0.21,0.08,1.909,0.444,10.6,3.25
Alex Colome,28,938,MLB-AL,Tampa Bay,12,0,,2.0,6.0,12.1,8,5,4,6,10,0,0,2.92,42,1,0,1,1,2,0,0,0,50,172,0.62,0.16,0.1,0.38,0.32,0.06,1.135,0.235,7.3,1.67
Bartolo Colon,44,941,MLB-NL,Atlanta,5,5,1.0,3.0,,28.2,37,24,24,6,18,6,1,7.53,117,13,1,0,4,0,2,0,0,125,438,0.68,0.2,0.06,0.46,0.24,0.08,1.5,0.33299999999999996,5.7,3.0
Adam Conley,27,942,MLB-NL,Miami,5,5,1.0,2.0,,22.2,26,25,22,13,16,2,2,8.74,92,4,4,0,0,1,0,0,0,110,423,0.6,0.14,0.1,0.38,0.26,0.12,1.7209999999999999,0.32,6.4,1.23
Patrick Corbin,27,938,MLB-NL,Arizona,6,6,2.0,3.0,,35.1,38,22,19,10,32,6,1,4.84,143,8,1,1,0,2,2,1,1,156,544,0.64,0.16,0.12,0.49,0.28,0.04,1.358,0.299,8.2,3.2
Jarred Cosart,27,962,MLB-NL,San Diego,1,1,,1.0,,3.2,2,3,1,2,2,0,0,2.45,13,0,0,0,0,0,0,0,0,15,60,0.52,0.15,0.1,0.55,0.18,0.09,1.091,0.182,4.9,1.0
Jharel Cotton,25,941,MLB-AL,Oakland,5,5,2.0,3.0,,26.2,32,23,19,11,25,6,1,6.41,107,9,0,1,1,1,1,1,0,124,468,0.64,0.17,0.1,0.36,0.23,0.14,1.6130000000000002,0.33799999999999997,8.4,2.27
Danny Coulombe,27,937,MLB-AL,Oakland,10,0,,,,8.1,7,2,2,3,6,0,1,2.16,32,3,0,0,0,0,1,0,0,36,143,0.64,0.21,0.13,0.54,0.27,0.0,1.2,0.26899999999999996,6.5,2.0
Dylan Covey,25,937,MLB-AL,Chicago,6,6,,3.0,,29.1,42,26,26,13,20,9,1,7.98,124,9,0,0,3,0,2,0,0,139,539,0.59,0.16,0.07,0.43,0.22,0.04,1.875,0.34700000000000003,6.1,1.54
Stefan Crichton,25,945,MLB-AL,Baltimore,3,0,,,,3.1,9,4,4,1,2,0,0,10.8,15,1,1,0,1,1,0,1,0,17,77,0.57,0.17,0.01,0.4,0.33,0.0,3.0,0.643,5.4,2.0
Johnny Cueto,31,938,MLB-NL,San Francisco,6,6,2.0,2.0,,40.0,38,20,18,10,34,5,0,4.05,151,4,2,0,3,1,1,1,0,165,619,0.63,0.14,0.11,0.41,0.3,0.08,1.2,0.292,7.7,3.4
William Cuevas,26,966,MLB-AL,Detroit,1,0,,,,0.1,3,4,4,0,1,0,1,108.0,4,1,0,0,0,0,0,0,0,5,15,0.67,0.27,0.0,0.0,0.67,0.0,9.0,1.0,27.0,
Zac Curtis,24,938,MLB-AL,Seattle,2,0,,,,1.2,0,0,0,0,1,0,1,0.0,5,0,0,0,0,0,0,0,0,6,24,0.67,0.13,0.17,0.75,0.0,0.25,0.0,0.0,5.4,
Yu Darvish,30,940,MLB-AL,Texas,5,5,2.0,1.0,,32.1,24,12,12,11,33,6,0,3.34,114,3,0,0,4,1,1,1,0,127,532,0.64,0.18,0.09,0.39,0.3,0.07,1.082,0.237,9.2,3.0
Zach Davies,24,937,MLB-NL,Milwaukee,6,6,4.0,,,31.0,37,15,15,11,27,6,3,4.35,125,8,2,1,2,0,1,0,1,140,576,0.62,0.18,0.07,0.38,0.36,0.06,1.548,0.337,7.8,2.45
Rookie Davis,24,942,MLB-NL,Cincinnati,3,3,1.0,2.0,,12.0,22,13,11,7,8,1,1,8.25,52,5,0,0,3,1,2,0,0,64,246,0.59,0.15,0.09,0.47,0.29,0.09,2.417,0.47700000000000004,6.0,1.14
Wade Davis,31,938,MLB-NL,Chicago,11,0,1.0,,6.0,11.0,2,1,0,4,17,0,0,0.0,34,0,0,0,2,0,1,0,0,38,166,0.63,0.2,0.15,0.35,0.29,0.18,0.545,0.11800000000000001,13.9,4.25
Grant Dayton,29,939,MLB-NL,Los Angeles,8,0,1.0,1.0,,6.1,5,5,5,3,5,1,0,7.11,22,1,0,0,0,1,0,0,0,27,107,0.62,0.14,0.06,0.28,0.28,0.06,1.263,0.235,7.1,1.67
Chase De Jong,23,939,MLB-AL,Seattle,4,3,,2.0,,17.2,21,13,13,7,7,3,0,6.62,70,2,1,0,1,1,2,2,0,78,287,0.61,0.19,0.05,0.3,0.27,0.13,1.585,0.295,3.6,1.0
Jorge De La Rosa,36,941,MLB-NL,Arizona,9,0,,,,8.1,5,2,2,3,8,1,0,2.16,28,0,0,1,1,0,1,0,0,32,126,0.6,0.11,0.17,0.47,0.21,0.0,0.96,0.21100000000000002,8.6,2.67
Jacob deGrom,29,942,MLB-NL,New York,5,5,2.0,1.0,,30.2,30,16,16,16,51,6,0,4.7,118,4,1,1,3,0,0,0,0,134,528,0.64,0.16,0.17,0.35,0.32,0.04,1.5,0.39299999999999996,15.0,3.19
Randall Delgado,27,937,MLB-NL,Arizona,9,0,1.0,,,15.2,14,6,6,3,15,3,0,3.45,60,1,0,0,1,0,2,0,0,64,250,0.64,0.18,0.12,0.56,0.13,0.02,1.085,0.262,8.6,5.0
Matt Dermody,26,964,MLB-AL,Toronto,1,0,,,,0.1,4,5,5,1,0,3,0,135.0,5,0,0,0,0,0,0,0,0,6,16,0.44,0.13,0.0,0.0,0.0,0.2,15.0,0.5,0.0,0.0
Odrisamer Despaigne,30,944,MLB-NL,Miami,1,1,,1.0,,4.2,5,8,3,4,4,0,1,5.79,20,3,0,0,0,1,0,0,0,26,100,0.63,0.2,0.04,0.35,0.41,0.0,1.929,0.294,7.7,1.0
Chris Devenski,26,939,MLB-AL,Houston,10,0,1.0,2.0,2.0,15.0,7,4,4,4,28,2,0,2.4,53,1,0,0,0,0,4,0,0,57,245,0.66,0.18,0.21,0.44,0.24,0.04,0.733,0.217,16.8,7.0
Edwin Diaz,23,941,MLB-AL,Seattle,11,0,1.0,,6.0,10.2,6,3,3,3,15,3,1,2.53,38,0,0,0,0,0,3,0,0,42,180,0.67,0.1,0.16,0.26,0.17,0.26,0.8440000000000001,0.15,12.7,5.0
Jumbo Diaz,33,937,MLB-AL,Tampa Bay,13,0,,1.0,,12.0,15,8,8,7,11,1,0,6.0,47,4,1,1,1,1,2,0,0,56,225,0.66,0.2,0.09,0.41,0.27,0.19,1.8330000000000002,0.389,8.3,1.57
Miguel Diaz,22,941,MLB-NL,San Diego,10,0,,,,11.0,15,16,16,7,6,4,2,13.09,45,2,1,0,1,2,0,0,0,56,204,0.56,0.15,0.07,0.4,0.26,0.07,2.0,0.297,4.9,0.86
R.A. Dickey,42,943,MLB-NL,Atlanta,5,5,3.0,1.0,,30.0,27,15,14,11,17,8,2,4.2,110,10,0,0,2,1,0,1,0,125,426,0.65,0.18,0.07,0.49,0.27,0.06,1.2670000000000001,0.221,5.1,1.55
Sean Doolittle,30,951,MLB-AL,Oakland,6,0,,,,5.0,3,3,3,0,4,2,0,5.4,17,0,0,0,0,1,0,0,0,18,65,0.74,0.17,0.11,0.43,0.07,0.07,0.6,0.083,7.2,
Oliver Drake,30,938,MLB-NL,Milwaukee,13,0,2.0,,,13.1,12,5,3,8,18,0,0,2.03,48,2,1,1,2,0,0,0,0,58,238,0.62,0.17,0.13,0.42,0.39,0.06,1.5,0.4,12.2,2.25
Brian Duensing,34,941,MLB-NL,Chicago,12,0,,,,14.0,13,6,6,2,16,2,0,3.86,53,1,1,0,0,0,1,0,0,55,210,0.65,0.2,0.13,0.38,0.3,0.05,1.071,0.314,10.3,8.0
Tyler Duffey,26,939,MLB-AL,Minnesota,9,0,,1.0,,11.0,11,5,4,3,12,1,1,3.27,42,0,0,1,0,2,0,0,0,48,197,0.62,0.18,0.09,0.32,0.29,0.06,1.273,0.32299999999999995,9.8,4.0
Danny Duffy,28,938,MLB-AL,Kansas City,6,6,1.0,3.0,,37.2,40,16,16,12,24,0,2,3.82,139,11,2,0,5,2,0,0,0,158,603,0.65,0.13,0.11,0.4,0.3,0.06,1.381,0.342,5.7,2.0
Ryan Dull,27,937,MLB-AL,Oakland,13,0,1.0,1.0,,11.1,8,12,7,9,11,1,1,5.56,41,1,0,0,2,1,0,0,0,52,222,0.59,0.16,0.11,0.38,0.24,0.14,1.5,0.233,8.7,1.22
Mike Dunn,32,937,MLB-NL,Colorado,8,0,,,,4.2,9,4,4,1,5,1,0,7.71,23,2,0,0,0,0,0,0,0,24,92,0.61,0.09,0.1,0.33,0.28,0.06,2.1430000000000002,0.47100000000000003,9.6,5.0
Sam Dyson,29,939,MLB-AL,Texas,8,0,1.0,2.0,,8.2,9,4,4,5,0,2,0,4.15,33,0,0,1,1,0,2,1,0,38,131,0.61,0.14,0.01,0.69,0.09,0.03,1.615,0.226,0.0,0.0
Josh Edgin,30,938,MLB-NL,New York,13,0,,1.0,1.0,10.1,7,2,2,2,5,0,2,1.74,34,3,0,0,2,0,0,0,0,38,123,0.69,0.15,0.08,0.41,0.28,0.07,0.871,0.24100000000000002,4.4,2.5
Carl Edwards Jr.,25,938,MLB-NL,Chicago,11,0,1.0,,,10.2,5,2,2,3,18,2,0,1.69,37,0,0,0,0,0,0,0,0,40,172,0.67,0.21,0.16,0.37,0.26,0.05,0.75,0.17600000000000002,15.2,6.0
Zach Eflin,23,940,MLB-NL,Philadelphia,5,5,,,,32.0,28,11,10,4,17,4,4,2.81,120,5,0,0,0,2,1,0,0,131,482,0.65,0.17,0.06,0.48,0.2,0.07,1.0,0.23800000000000002,4.8,4.25
Jerad Eickhoff,26,941,MLB-NL,Philadelphia,5,5,,2.0,,26.0,32,18,18,11,22,3,0,6.23,111,6,0,1,0,1,1,0,0,123,475,0.61,0.16,0.08,0.4,0.26,0.1,1.6540000000000001,0.33299999999999996,7.6,2.0
Brian Ellington,26,938,MLB-NL,Miami,2,0,,,,3.2,5,2,0,2,4,0,0,0.0,18,2,0,0,0,0,0,0,0,20,76,0.55,0.12,0.12,0.47,0.2,0.13,1.909,0.35700000000000004,9.8,2.0
Carlos Estevez,24,948,MLB-NL,Colorado,8,0,2.0,,,6.1,10,10,9,3,5,0,0,12.79,32,2,0,1,0,0,0,0,0,35,136,0.6,0.12,0.1,0.5,0.39,0.04,2.053,0.37,7.1,1.67
Marco Estrada,33,939,MLB-AL,Toronto,6,6,2.0,1.0,,38.0,30,10,10,11,44,3,1,2.37,142,10,0,0,2,0,4,0,0,155,621,0.67,0.16,0.12,0.34,0.27,0.08,1.079,0.284,10.4,4.0
Jeurys Familia,27,940,MLB-NL,New York,11,0,1.0,1.0,3.0,9.1,7,5,4,8,10,0,0,3.86,34,1,0,1,1,1,4,0,0,43,172,0.56,0.1,0.11,0.56,0.24,0.08,1.607,0.28,9.6,1.25
Danny Farquhar,30,938,MLB-AL,Tampa Bay,15,0,1.0,1.0,,10.2,7,5,5,6,11,0,1,4.22,37,1,0,0,1,1,0,0,0,45,201,0.61,0.14,0.13,0.52,0.08,0.12,1.219,0.259,9.3,1.83
Scott Feldman,34,938,MLB-NL,Cincinnati,6,6,1.0,2.0,,37.0,30,16,16,14,22,3,1,3.89,131,7,3,2,3,0,8,1,0,148,582,0.63,0.18,0.08,0.46,0.31,0.06,1.189,0.255,5.4,1.57
Michael Feliz,24,941,MLB-AL,Houston,9,0,1.0,,,8.2,6,2,2,4,12,2,0,2.08,32,2,0,0,1,0,0,0,0,36,145,0.61,0.14,0.21,0.25,0.25,0.05,1.1540000000000001,0.222,12.5,3.0
Neftali Feliz,29,939,MLB-NL,Milwaukee,13,0,,3.0,5.0,12.1,11,11,10,8,9,4,0,7.3,46,2,0,1,2,0,0,0,0,54,229,0.58,0.15,0.08,0.25,0.31,0.11,1.541,0.212,6.6,1.13
Josh Fields,31,937,MLB-NL,Los Angeles,11,0,,,1.0,11.1,9,1,1,2,13,0,0,0.79,41,2,0,0,1,1,0,0,0,44,196,0.72,0.12,0.16,0.29,0.29,0.11,0.971,0.31,10.3,6.5
Casey Fien,33,950,MLB-AL,Seattle,1,0,,,,0.1,2,3,3,1,1,1,0,81.0,3,1,0,0,0,0,0,0,0,4,18,0.67,0.06,0.22,0.0,0.5,0.0,9.0,1.0,27.0,1.0
Mike Fiers,32,943,MLB-AL,Houston,4,4,1.0,,,20.1,23,13,13,9,18,11,0,5.75,80,3,0,0,2,0,2,1,0,89,352,0.63,0.19,0.11,0.52,0.16,0.0,1.574,0.235,8.0,2.0
Brandon Finnegan,24,965,MLB-NL,Cincinnati,1,1,,,,1.0,1,2,2,3,1,0,0,18.0,3,1,0,0,0,0,0,0,1,6,26,0.38,0.15,0.04,0.0,0.5,0.0,4.0,0.5,9.0,0.33
Dylan Floro,26,941,MLB-NL,Chicago,1,0,,,,4.1,6,1,1,0,5,1,0,2.08,18,1,0,0,0,0,0,0,0,18,61,0.66,0.18,0.1,0.36,0.29,0.0,1.385,0.41700000000000004,10.4,
Mike Foltynewicz,25,938,MLB-NL,Atlanta,5,5,1.0,3.0,,30.0,28,15,12,8,26,5,1,3.6,115,6,0,0,3,0,1,2,0,126,460,0.65,0.2,0.1,0.49,0.17,0.08,1.2,0.27399999999999997,7.8,3.25
Kyle Freeland,24,941,MLB-NL,Colorado,5,5,2.0,1.0,,29.1,23,8,6,13,18,0,2,1.84,108,2,0,0,2,0,3,0,0,125,461,0.57,0.15,0.07,0.7,0.14,0.05,1.227,0.256,5.5,1.38
Sam Freeman,30,941,MLB-NL,Atlanta,3,0,,,,4.1,2,1,0,3,4,0,0,0.0,14,1,0,0,1,0,0,0,0,17,81,0.56,0.11,0.1,0.5,0.3,0.1,1.1540000000000001,0.2,8.3,1.33
Michael Fulmer,24,939,MLB-AL,Detroit,5,5,3.0,1.0,,34.0,25,11,10,10,31,3,2,2.65,125,3,0,0,1,1,0,0,0,138,524,0.64,0.15,0.13,0.53,0.21,0.09,1.0290000000000001,0.239,8.2,3.1
Yovani Gallardo,31,940,MLB-AL,Seattle,5,5,1.0,2.0,,29.1,27,13,13,9,21,2,0,3.99,112,4,0,0,2,0,0,0,0,122,510,0.61,0.18,0.1,0.46,0.31,0.07,1.227,0.281,6.4,2.33
Giovanny Gallegos,25,938,MLB-AL,New York,1,0,,,,0.1,0,0,0,0,0,0,0,0.0,1,0,0,0,0,0,0,0,0,1,2,0.5,0.0,0.0,0.0,0.0,0.0,0.0,0.0,0.0,
Jaime Garcia,30,940,MLB-NL,Atlanta,4,4,1.0,1.0,,25.0,19,10,10,14,17,1,1,3.6,89,6,0,0,3,0,3,0,0,104,372,0.6,0.16,0.1,0.5,0.25,0.08,1.32,0.254,6.1,1.21
Jarlin Garcia,24,937,MLB-NL,Miami,12,0,,1.0,,10.2,5,3,3,3,10,1,0,2.53,35,1,1,0,0,1,0,0,0,40,165,0.65,0.14,0.15,0.35,0.15,0.15,0.75,0.16,8.4,3.33
Luis Garcia,30,937,MLB-NL,Philadelphia,5,0,1.0,,,4.2,4,0,0,2,1,0,0,0.0,18,1,0,0,0,0,0,0,0,20,80,0.53,0.15,0.09,0.35,0.41,0.06,1.286,0.235,1.9,0.5
Amir Garrett,25,944,MLB-NL,Cincinnati,4,4,1.0,2.0,,23.1,22,16,15,12,19,5,1,5.79,87,5,0,0,2,2,1,2,1,102,372,0.63,0.15,0.09,0.45,0.19,0.03,1.4569999999999999,0.262,7.3,1.58
Ryan Garton,27,951,MLB-AL,Tampa Bay,3,0,,1.0,,2.1,5,3,3,1,1,0,0,11.57,10,1,0,0,1,0,0,0,0,11,41,0.66,0.22,0.0,0.3,0.7,0.0,2.571,0.556,3.9,1.0
Matt Garza,33,938,MLB-NL,Milwaukee,4,4,2.0,,,23.2,23,10,7,5,19,3,0,2.66,89,5,1,0,4,0,4,0,2,94,358,0.65,0.14,0.09,0.47,0.27,0.09,1.183,0.299,7.2,3.8
Kevin Gausman,26,942,MLB-AL,Baltimore,5,5,1.0,3.0,,22.0,29,21,21,10,17,6,2,8.59,93,7,0,0,1,1,1,0,0,106,419,0.61,0.17,0.09,0.45,0.35,0.03,1.7730000000000001,0.324,7.0,1.7
Sam Gaviglio,27,939,MLB-AL,Seattle,1,0,,,,2.0,2,1,1,0,4,1,0,4.5,8,1,0,0,0,0,0,0,0,8,30,0.83,0.27,0.1,0.25,0.25,0.0,1.0,0.33299999999999996,18.0,
Cory Gearrin,31,938,MLB-NL,San Francisco,9,0,1.0,1.0,,11.2,10,3,2,10,9,0,5,1.54,46,2,1,1,0,0,1,0,0,61,230,0.53,0.16,0.07,0.54,0.22,0.08,1.714,0.27,6.9,0.9
Kyle Gibson,29,946,MLB-AL,Minnesota,4,4,,3.0,,17.1,30,17,16,10,9,3,1,8.31,79,4,1,0,3,0,0,0,0,90,323,0.59,0.14,0.08,0.47,0.27,0.03,2.3080000000000003,0.40299999999999997,4.7,0.9
Ken Giles,26,939,MLB-AL,Houston,12,0,1.0,,8.0,11.0,7,3,3,1,10,0,0,2.45,38,0,1,0,1,1,1,0,0,40,149,0.7,0.21,0.13,0.5,0.17,0.1,0.727,0.24100000000000002,8.2,10.0
Sean Gilmartin,27,950,MLB-NL,New York,2,0,,,,3.1,8,5,5,1,4,2,0,13.5,16,0,0,0,0,1,0,0,0,19,84,0.55,0.15,0.07,0.46,0.31,0.0,2.7,0.545,10.8,4.0
Chris Gimenez,34,944,MLB-AL,Minnesota,2,0,,,,1.0,0,0,0,0,0,0,0,0.0,3,0,0,0,0,0,0,0,0,3,8,0.75,0.38,0.0,0.0,0.33,0.0,0.0,0.0,0.0,
Mychal Givens,27,938,MLB-AL,Baltimore,13,0,1.0,,,13.1,11,3,3,5,13,1,2,2.03,51,3,0,1,0,0,1,0,0,58,252,0.63,0.18,0.1,0.46,0.38,0.1,1.2,0.27,8.8,2.6
Tyler Glasnow,23,938,MLB-NL,Pittsburgh,6,6,1.0,2.0,,27.2,36,26,21,16,30,5,2,6.83,118,10,3,0,0,0,7,3,0,138,552,0.6,0.18,0.09,0.43,0.25,0.09,1.88,0.373,9.8,1.88
Koda Glover,24,937,MLB-NL,Washington,7,0,,,2.0,6.0,3,2,2,1,6,0,0,3.0,20,1,0,0,0,1,0,0,0,22,82,0.65,0.18,0.09,0.6,0.07,0.13,0.667,0.2,9.0,6.0
Zack Godley,27,940,MLB-NL,Arizona,2,2,1.0,,,12.0,8,3,3,4,12,1,0,2.25,40,2,0,0,4,0,0,0,0,45,175,0.62,0.14,0.14,0.76,0.1,0.03,1.0,0.259,9.0,3.0
Jeanmar Gomez,29,946,MLB-NL,Philadelphia,5,0,1.0,1.0,,7.0,9,5,4,4,7,1,0,5.14,26,1,0,2,1,0,0,0,1,32,126,0.56,0.13,0.08,0.65,0.25,0.0,1.857,0.444,9.0,1.75
Gio Gonzalez,31,942,MLB-NL,Washington,5,5,2.0,1.0,,31.1,24,13,12,20,23,6,0,3.45,112,4,0,0,3,0,0,2,0,134,531,0.57,0.15,0.1,0.44,0.21,0.08,1.4040000000000001,0.217,6.6,1.15
Miguel Gonzalez,33,938,MLB-AL,Chicago,5,5,2.0,3.0,,34.0,34,16,14,8,17,4,1,3.71,133,6,0,0,2,0,0,1,0,143,492,0.66,0.16,0.08,0.38,0.19,0.09,1.235,0.268,4.5,2.13
Nick Goody,25,937,MLB-AL,Cleveland,11,0,,,,12.2,4,1,0,3,12,0,1,0.0,39,1,0,0,4,0,0,0,0,43,164,0.66,0.21,0.12,0.33,0.11,0.37,0.5529999999999999,0.14800000000000002,8.5,4.0
Matt Grace,28,943,MLB-NL,Washington,2,0,,,,3.0,5,2,2,0,1,0,0,6.0,13,0,0,0,1,0,0,0,0,13,46,0.72,0.2,0.07,0.67,0.17,0.0,1.6669999999999998,0.41700000000000004,3.0,
Kendall Graveman,26,942,MLB-AL,Oakland,4,4,,2.0,,21.1,23,11,11,7,13,3,2,4.64,83,6,1,0,2,0,1,0,0,92,347,0.61,0.19,0.06,0.39,0.24,0.09,1.406,0.299,5.5,1.86
Sonny Gray,27,937,MLB-AL,Oakland,3,3,,1.0,,16.2,17,10,7,5,9,3,0,3.78,66,3,0,0,2,0,3,1,0,71,292,0.63,0.2,0.08,0.56,0.18,0.02,1.32,0.259,4.9,1.8
Chad Green,26,941,MLB-AL,New York,1,0,,,,1.0,1,0,0,0,2,0,0,0.0,4,0,0,0,0,0,0,0,0,4,16,0.63,0.19,0.06,0.5,0.5,0.0,1.0,0.5,18.0,
Shane Greene,28,937,MLB-AL,Detroit,12,0,,,,12.0,9,2,2,7,15,1,1,1.5,44,0,0,1,0,0,0,0,0,52,191,0.61,0.2,0.1,0.47,0.2,0.07,1.3330000000000002,0.28600000000000003,11.3,2.14
Luke Gregerson,33,938,MLB-AL,Houston,11,0,1.0,,,9.1,9,5,5,2,10,2,0,4.82,37,2,0,0,0,0,2,0,0,39,145,0.66,0.18,0.14,0.3,0.3,0.07,1.179,0.28,9.6,5.0
Zack Greinke,33,939,MLB-NL,Arizona,6,6,3.0,2.0,,40.0,35,13,13,7,48,6,0,2.93,149,4,0,0,2,2,0,2,1,159,611,0.67,0.18,0.15,0.43,0.24,0.1,1.05,0.299,10.8,6.86
A.J. Griffin,29,941,MLB-AL,Texas,3,3,3.0,,,20.0,11,2,1,3,19,1,0,0.45,69,2,0,0,1,0,1,1,0,72,283,0.69,0.22,0.1,0.35,0.14,0.24,0.7,0.204,8.6,6.33
Jason Grilli,40,937,MLB-AL,Toronto,11,0,1.0,2.0,,7.2,11,10,9,8,10,3,0,10.57,35,3,0,0,0,0,0,0,0,43,213,0.61,0.13,0.08,0.28,0.32,0.12,2.478,0.364,11.7,1.25
Justin Grimm,28,943,MLB-NL,Chicago,9,0,1.0,,,10.2,13,10,10,7,10,5,1,8.44,42,2,0,0,1,0,2,0,0,50,215,0.6,0.22,0.08,0.35,0.41,0.03,1.875,0.29600000000000004,8.4,1.43
Robert Gsellman,23,937,MLB-NL,New York,5,5,2.0,2.0,,25.0,39,23,21,8,14,3,4,7.56,112,9,0,1,4,0,4,1,0,124,454,0.61,0.13,0.06,0.61,0.26,0.01,1.88,0.379,5.0,1.75
Deolis Guerra,28,939,MLB-AL,Los Angeles,9,0,2.0,2.0,,12.1,8,7,7,5,13,4,0,5.11,43,2,0,0,1,0,0,1,0,48,214,0.57,0.14,0.15,0.34,0.1,0.03,1.054,0.154,9.5,2.6
Jandel Gustave,24,962,MLB-AL,Houston,2,0,,,,1.1,0,0,0,3,0,0,0,0.0,3,0,0,0,1,0,0,0,0,6,23,0.39,0.13,0.04,0.33,0.0,0.33,2.25,0.0,0.0,0.0
Jesse Hahn,27,938,MLB-AL,Oakland,5,5,1.0,1.0,,30.2,21,10,8,13,23,1,1,2.35,111,3,1,0,3,0,1,1,2,127,475,0.63,0.18,0.07,0.52,0.25,0.08,1.109,0.23,6.8,1.77
Justin Haley,26,943,MLB-AL,Minnesota,3,0,,,,5.1,6,6,6,4,3,1,1,10.13,21,1,2,0,0,1,0,0,0,27,106,0.58,0.18,0.03,0.37,0.26,0.16,1.875,0.278,5.1,0.75
Cole Hamels,33,954,MLB-AL,Texas,3,3,2.0,,,19.2,16,8,7,7,6,2,2,3.2,69,2,1,0,5,0,0,0,0,78,302,0.62,0.14,0.08,0.49,0.24,0.05,1.169,0.23,2.7,0.86
Jason Hammel,34,940,MLB-AL,Kansas City,5,5,1.0,3.0,,25.0,32,17,16,10,25,4,3,5.76,103,3,1,0,0,2,3,1,0,118,459,0.64,0.17,0.11,0.38,0.27,0.07,1.68,0.368,9.0,2.5
Brad Hand,27,937,MLB-NL,San Diego,14,0,,3.0,,17.0,10,5,4,6,23,2,2,2.12,61,1,0,0,0,0,1,0,0,70,260,0.61,0.15,0.17,0.62,0.19,0.05,0.941,0.222,12.2,3.83
J.A. Happ,34,964,MLB-AL,Toronto,1,1,,1.0,,4.1,4,1,1,0,3,0,0,2.08,19,2,0,0,0,0,0,0,0,19,67,0.7,0.21,0.07,0.56,0.25,0.0,0.9229999999999999,0.25,6.2,
Blaine Hardy,30,941,MLB-AL,Detroit,9,0,1.0,,,8.0,8,2,2,2,7,1,0,2.25,32,1,0,0,0,0,0,0,0,34,148,0.61,0.16,0.09,0.44,0.12,0.04,1.25,0.292,7.9,3.5
Will Harris,32,938,MLB-AL,Houston,11,0,1.0,,1.0,11.2,12,2,2,1,13,1,0,1.54,46,1,0,0,0,0,0,1,0,47,174,0.66,0.18,0.12,0.56,0.09,0.09,1.114,0.344,10.0,13.0
Donnie Hart,26,937,MLB-AL,Baltimore,14,0,,,,9.1,10,3,3,3,9,0,2,2.89,37,1,0,0,1,0,0,0,0,42,147,0.65,0.23,0.1,0.44,0.19,0.11,1.393,0.35700000000000004,8.7,3.0
Matt Harvey,28,938,MLB-NL,New York,5,5,,3.0,,27.2,31,22,21,17,16,7,2,6.83,110,4,0,2,1,0,1,1,0,130,493,0.6,0.16,0.08,0.46,0.24,0.05,1.735,0.276,5.2,0.94
Chris Hatcher,32,939,MLB-NL,Los Angeles,7,0,,1.0,,11.0,13,6,5,3,14,2,0,4.09,45,3,0,0,0,0,0,0,0,50,204,0.66,0.16,0.13,0.35,0.39,0.06,1.455,0.379,11.5,4.67
Mike Hauschild,27,961,MLB-AL,Texas,2,0,,,,5.0,10,6,6,1,4,4,1,10.8,23,1,0,0,2,0,0,0,0,25,73,0.71,0.27,0.1,0.53,0.26,0.05,2.2,0.4,7.2,4.0
Jeremy Hellickson,30,943,MLB-NL,Philadelphia,5,5,3.0,1.0,,28.2,27,14,14,6,14,7,2,4.4,111,5,1,0,0,0,1,1,0,120,475,0.64,0.12,0.08,0.37,0.29,0.11,1.151,0.222,4.4,2.33
Heath Hembree,28,938,MLB-AL,Boston,11,0,,,,13.1,16,7,3,3,15,0,1,2.03,57,1,0,0,1,1,3,0,0,62,231,0.7,0.18,0.16,0.48,0.23,0.14,1.425,0.37200000000000005,10.1,5.0
Kyle Hendricks,27,940,MLB-NL,Chicago,6,6,1.0,2.0,,33.2,27,12,11,15,28,3,1,2.94,120,4,0,1,4,1,3,1,0,138,561,0.6,0.2,0.06,0.52,0.27,0.04,1.248,0.267,7.5,1.87
Liam Hendriks,28,937,MLB-AL,Oakland,12,0,1.0,,,13.0,10,5,5,3,12,0,0,3.46,50,1,1,0,1,0,2,0,0,53,210,0.61,0.14,0.1,0.62,0.24,0.05,1.0,0.263,8.3,4.0
Ariel Hernandez,25,956,MLB-NL,Cincinnati,1,0,,,,2.2,0,0,0,0,5,0,0,0.0,8,0,0,0,0,0,1,0,0,8,30,0.7,0.17,0.23,0.67,0.0,0.0,0.0,0.0,16.9,
David Hernandez,32,938,MLB-AL,Los Angeles,10,0,,,,9.1,4,1,1,0,10,0,0,0.96,29,1,0,0,1,0,0,1,1,30,113,0.67,0.2,0.15,0.32,0.26,0.11,0.429,0.21100000000000002,9.6,
Felix Hernandez,31,955,MLB-AL,Seattle,3,3,2.0,1.0,,15.2,24,9,9,3,10,3,2,5.17,67,3,0,0,2,0,0,0,0,72,236,0.67,0.2,0.06,0.6,0.18,0.0,1.723,0.389,5.7,3.33
Kelvin Herrera,27,937,MLB-AL,Kansas City,12,0,1.0,1.0,6.0,12.0,7,3,3,3,11,2,0,2.25,42,1,1,0,1,0,1,0,0,45,173,0.69,0.13,0.14,0.47,0.25,0.03,0.833,0.172,8.3,3.67
Chris Heston,29,955,MLB-AL,Seattle,1,0,,,,2.0,7,5,5,1,1,2,0,22.5,13,0,1,0,0,0,0,0,0,14,49,0.55,0.2,0.04,0.25,0.33,0.0,4.0,0.5,4.5,1.0
Rich Hill,37,964,MLB-NL,Los Angeles,1,1,,1.0,,3.0,5,2,2,2,2,1,0,6.0,13,0,0,0,1,0,0,0,0,15,54,0.7,0.26,0.06,0.36,0.27,0.0,2.333,0.4,6.0,1.0
Jeff Hoffman,24,939,MLB-NL,Colorado,2,1,1.0,,,6.2,7,4,4,2,10,2,0,5.4,27,1,1,0,0,0,0,0,0,29,104,0.66,0.14,0.16,0.24,0.24,0.18,1.35,0.33299999999999996,13.5,5.0
Jonathan Holder,24,938,MLB-AL,New York,10,0,1.0,,,11.1,9,3,3,2,10,0,0,2.38,43,2,0,0,0,0,1,0,0,45,172,0.68,0.19,0.14,0.39,0.27,0.12,0.971,0.273,7.9,5.0
Derek Holland,30,939,MLB-AL,Chicago,5,5,2.0,2.0,,28.2,26,19,9,11,24,6,2,2.83,110,8,1,0,3,1,1,1,0,124,485,0.62,0.19,0.09,0.38,0.23,0.06,1.291,0.247,7.5,2.18
Greg Holland,31,939,MLB-NL,Colorado,10,0,,,9.0,10.0,7,2,2,2,12,0,0,1.8,36,1,0,0,1,0,0,0,0,38,119,0.73,0.22,0.17,0.42,0.33,0.04,0.9,0.292,10.8,6.0
David Holmberg,25,938,MLB-AL,Chicago,3,0,,,,3.1,3,1,1,0,2,0,0,2.7,13,1,0,0,0,0,0,0,0,13,51,0.63,0.22,0.06,0.55,0.18,0.18,0.9,0.273,5.4,
J.J. Hoover,29,938,MLB-NL,Arizona,10,0,1.0,,,9.0,6,2,2,6,16,2,0,2.0,32,2,0,0,0,0,0,1,0,38,158,0.54,0.16,0.14,0.31,0.25,0.13,1.3330000000000002,0.28600000000000003,16.0,2.67
J.P. Howell,34,941,MLB-AL,Toronto,5,0,1.0,,,2.2,2,1,1,2,1,1,0,3.38,10,1,0,0,1,0,0,0,0,12,38,0.58,0.21,0.03,0.44,0.22,0.11,1.5,0.125,3.4,0.5
James Hoyt,30,938,MLB-AL,Houston,5,0,1.0,,,6.2,6,1,1,1,16,0,0,1.35,26,0,1,0,0,0,0,0,0,27,125,0.66,0.14,0.2,0.5,0.4,0.0,1.05,0.6,21.6,16.0
Chih-Wei Hu,23,946,MLB-AL,Tampa Bay,2,0,,,,1.2,1,1,0,1,1,0,0,0.0,6,0,0,0,0,1,0,0,0,8,35,0.51,0.2,0.06,0.67,0.0,0.0,1.2,0.16699999999999998,5.4,1.0
Daniel Hudson,30,941,MLB-NL,Pittsburgh,11,0,,2.0,,9.1,13,9,8,3,10,2,1,7.71,40,3,0,0,1,0,1,0,0,44,181,0.66,0.13,0.14,0.3,0.33,0.13,1.714,0.39299999999999996,9.6,3.33
Jared Hughes,31,937,MLB-NL,Milwaukee,10,0,,1.0,1.0,9.1,13,4,4,3,6,0,0,3.86,39,5,1,2,2,0,2,0,0,42,157,0.59,0.11,0.07,0.61,0.24,0.03,1.714,0.39399999999999996,5.8,2.0
Phil Hughes,31,939,MLB-AL,Minnesota,5,5,2.0,1.0,,26.1,36,18,15,5,15,4,1,5.13,113,11,0,1,1,1,2,0,0,120,432,0.66,0.17,0.05,0.36,0.31,0.07,1.557,0.337,5.1,3.0
Tommy Hunter,30,958,MLB-AL,Tampa Bay,5,0,,1.0,,4.1,5,1,1,1,2,0,0,2.08,17,0,0,0,0,0,1,1,1,18,68,0.63,0.13,0.07,0.53,0.33,0.0,1.385,0.33299999999999996,4.2,2.0
Raisel Iglesias,27,939,MLB-NL,Cincinnati,9,0,1.0,,4.0,13.2,9,3,2,5,14,1,0,1.32,47,1,0,0,1,0,0,0,0,52,201,0.6,0.15,0.14,0.36,0.24,0.09,1.024,0.25,9.2,2.8
Hisashi Iwakuma,36,947,MLB-AL,Seattle,4,4,,1.0,,19.0,21,13,12,6,12,4,2,5.68,76,7,0,0,2,0,1,0,0,84,297,0.64,0.19,0.08,0.38,0.22,0.06,1.421,0.28300000000000003,5.7,2.0
Luke Jackson,25,961,MLB-NL,Atlanta,3,0,,,,3.0,4,2,2,0,1,0,0,6.0,13,0,0,0,0,0,0,0,0,13,48,0.71,0.21,0.02,0.42,0.42,0.0,1.3330000000000002,0.33299999999999996,3.0,
Kenley Jansen,29,937,MLB-NL,Los Angeles,11,0,2.0,,5.0,11.1,6,1,0,0,25,0,0,0.0,41,0,0,0,0,0,3,0,0,41,185,0.7,0.21,0.18,0.5,0.25,0.06,0.529,0.375,19.9,
Jeremy Jeffress,29,938,MLB-AL,Texas,13,0,1.0,1.0,,11.1,17,6,6,7,5,1,0,4.76,46,1,0,1,4,1,0,0,0,54,210,0.62,0.12,0.08,0.6,0.33,0.0,2.1180000000000003,0.39,4.0,0.71
Dan Jennings,30,937,MLB-AL,Chicago,12,0,2.0,,,8.2,14,7,6,3,7,0,0,6.23,39,1,0,0,0,1,0,0,0,43,182,0.6,0.12,0.07,0.52,0.27,0.09,1.962,0.424,7.3,2.33
Joe Jimenez,22,952,MLB-AL,Detroit,4,0,,,,3.1,5,6,6,2,4,2,0,16.2,15,0,0,0,0,0,0,0,0,17,74,0.62,0.15,0.14,0.36,0.36,0.0,2.1,0.33299999999999996,10.8,2.0
Ubaldo Jimenez,33,941,MLB-AL,Baltimore,5,4,1.0,1.0,,25.0,16,14,13,17,18,5,0,4.68,88,1,0,0,0,1,5,2,1,106,420,0.56,0.19,0.06,0.54,0.15,0.1,1.32,0.16699999999999998,6.5,1.06
Brian Johnson,26,962,MLB-AL,Boston,1,1,1.0,,,5.0,7,4,4,3,6,2,0,7.2,22,3,0,1,0,0,0,0,0,25,101,0.62,0.19,0.1,0.38,0.13,0.06,2.0,0.35700000000000004,10.8,2.0
Jim Johnson,34,937,MLB-NL,Atlanta,11,0,1.0,1.0,5.0,10.0,10,5,5,1,13,1,0,4.5,39,1,0,0,1,0,0,0,0,40,146,0.69,0.24,0.12,0.5,0.35,0.0,1.1,0.36,11.7,13.0
Nate Jones,31,952,MLB-AL,Chicago,7,0,1.0,,,7.1,3,0,0,2,13,0,1,0.0,25,0,0,0,0,0,0,0,0,28,125,0.6,0.17,0.13,0.5,0.17,0.0,0.682,0.25,16.0,6.5
Jakob Junis,24,941,MLB-AL,Kansas City,1,0,1.0,,,1.0,0,0,0,2,2,0,0,0.0,2,0,0,1,0,0,0,0,0,5,20,0.5,0.1,0.15,,,,2.0,,18.0,1.0
Tommy Kahnle,27,937,MLB-AL,Chicago,10,0,,,,9.1,3,1,1,2,18,1,0,0.96,30,0,0,0,1,0,0,0,0,32,136,0.68,0.17,0.18,0.42,0.17,0.0,0.536,0.182,17.4,9.0
Nate Karns,29,937,MLB-AL,Kansas City,6,6,2.0,2.0,,34.0,28,15,15,9,43,7,1,3.97,131,4,1,1,1,0,5,0,0,141,567,0.64,0.17,0.14,0.54,0.17,0.06,1.088,0.259,11.4,4.78
Keone Kela,24,937,MLB-AL,Texas,13,0,1.0,1.0,,13.0,7,7,7,7,15,2,1,4.85,45,1,0,0,0,0,0,1,0,53,213,0.59,0.17,0.1,0.43,0.2,0.2,1.077,0.179,10.4,2.14
Shawn Kelley,33,937,MLB-NL,Washington,8,0,3.0,,3.0,7.0,3,2,2,3,9,2,0,2.57,24,0,0,0,0,0,0,0,0,27,113,0.72,0.18,0.16,0.4,0.07,0.07,0.857,0.077,11.6,3.0
Joe Kelly,29,937,MLB-AL,Boston,12,0,1.0,,,13.2,9,2,2,6,9,0,0,1.32,48,2,0,0,3,0,0,0,0,54,237,0.62,0.14,0.13,0.62,0.26,0.03,1.0979999999999999,0.231,5.9,1.5
Kyle Kendrick,32,940,MLB-AL,Boston,2,2,,2.0,,8.1,18,12,12,3,3,1,0,12.96,42,4,0,0,1,0,2,0,0,45,156,0.63,0.18,0.07,0.49,0.23,0.1,2.52,0.447,3.2,1.0
Ian Kennedy,32,946,MLB-AL,Kansas City,4,4,,1.0,,24.2,14,8,7,8,22,4,1,2.55,85,2,0,0,2,0,0,2,1,94,387,0.62,0.16,0.09,0.44,0.21,0.03,0.892,0.16899999999999998,8.0,2.75
Clayton Kershaw,29,938,MLB-NL,Los Angeles,6,6,5.0,1.0,,42.2,35,11,10,8,43,3,0,2.11,156,6,1,0,5,1,1,0,0,165,594,0.7,0.19,0.13,0.5,0.24,0.04,1.008,0.28800000000000003,9.1,5.38
Dallas Keuchel,29,939,MLB-AL,Houston,6,6,5.0,,,44.2,33,11,10,11,42,5,0,2.01,158,5,0,0,10,0,0,1,0,170,615,0.62,0.2,0.11,0.62,0.21,0.03,0.985,0.252,8.5,3.82
Craig Kimbrel,29,937,MLB-AL,Boston,12,0,2.0,,8.0,12.2,3,1,1,0,28,1,0,0.71,41,1,0,0,0,0,0,0,0,41,170,0.72,0.18,0.28,0.54,0.0,0.15,0.237,0.16699999999999998,19.9,
Brandon Kintzler,32,937,MLB-AL,Minnesota,12,0,1.0,,7.0,12.2,13,4,4,2,6,1,0,2.84,49,0,0,0,2,0,0,0,0,51,211,0.65,0.22,0.06,0.49,0.33,0.05,1.1840000000000002,0.28600000000000003,4.3,3.0
Corey Kluber,31,948,MLB-AL,Cleveland,4,4,3.0,1.0,,25.1,26,14,14,9,31,3,0,4.97,98,8,0,0,2,0,1,1,0,107,377,0.67,0.2,0.13,0.44,0.26,0.09,1.382,0.359,11.0,3.44
Corey Knebel,25,939,MLB-NL,Milwaukee,13,0,,,,12.1,9,2,2,6,22,0,1,1.46,44,2,0,0,0,0,3,0,0,51,236,0.62,0.2,0.13,0.27,0.45,0.23,1.216,0.409,16.1,3.67
Tom Koehler,31,940,MLB-NL,Miami,5,5,1.0,1.0,,24.1,28,18,18,10,23,6,3,6.66,96,4,0,1,3,0,2,1,1,109,430,0.58,0.2,0.08,0.38,0.26,0.07,1.5619999999999998,0.32799999999999996,8.5,2.3
George Kontos,32,938,MLB-NL,San Francisco,13,0,,1.0,,12.2,13,6,6,4,12,2,0,4.26,50,2,0,1,1,1,0,0,0,55,206,0.66,0.16,0.15,0.42,0.34,0.11,1.3419999999999999,0.297,8.5,3.0
Ian Krol,26,938,MLB-NL,Atlanta,10,0,,,,10.0,11,10,9,5,8,4,1,8.1,40,2,0,0,0,0,0,1,1,46,183,0.61,0.13,0.1,0.44,0.25,0.06,1.6,0.25,7.2,1.6
Chad Kuhl,24,940,MLB-NL,Pittsburgh,5,5,,3.0,,19.2,26,18,17,8,14,2,1,7.78,81,7,1,2,3,0,3,0,0,91,330,0.64,0.15,0.13,0.44,0.28,0.06,1.729,0.369,6.4,1.75
John Lackey,38,941,MLB-NL,Chicago,5,5,2.0,2.0,,30.0,34,18,16,6,29,7,1,4.8,121,6,1,0,1,2,4,0,0,131,496,0.68,0.18,0.09,0.47,0.28,0.03,1.3330000000000002,0.31,8.7,4.83
Mat Latos,29,948,MLB-AL,Toronto,3,3,,1.0,,15.0,19,11,11,8,10,5,1,6.6,61,6,0,1,1,0,1,1,1,70,263,0.59,0.13,0.11,0.45,0.22,0.1,1.8,0.304,6.0,1.25
Derek Law,26,937,MLB-NL,San Francisco,14,0,3.0,,3.0,13.2,14,3,3,5,12,0,1,1.98,52,1,0,0,2,0,1,1,0,58,225,0.61,0.18,0.08,0.45,0.28,0.08,1.39,0.35,7.9,2.4
Casey Lawrence,29,953,MLB-AL,Toronto,2,2,,2.0,,11.1,18,11,10,6,5,2,0,7.94,51,4,0,1,0,1,3,0,0,58,196,0.62,0.18,0.07,0.57,0.26,0.02,2.1180000000000003,0.35600000000000004,4.0,0.83
Tommy Layne,32,942,MLB-AL,New York,6,0,,,,4.1,9,6,6,3,4,1,0,12.46,21,1,1,0,1,0,0,0,0,24,98,0.58,0.18,0.07,0.59,0.35,0.06,2.7689999999999997,0.5,8.3,1.33
Mike Leake,29,938,MLB-NL,St. Louis,5,5,3.0,1.0,,31.1,26,9,9,9,19,3,0,2.59,119,10,0,0,0,1,1,1,0,131,483,0.64,0.16,0.08,0.54,0.28,0.02,1.117,0.235,5.5,2.11
Wade LeBlanc,32,940,MLB-NL,Pittsburgh,9,0,2.0,,1.0,15.2,11,1,1,4,15,0,0,0.57,57,3,0,0,0,0,0,0,0,61,220,0.65,0.17,0.12,0.56,0.27,0.02,0.9570000000000001,0.262,8.6,3.75
Jose Leclerc,23,943,MLB-AL,Texas,6,0,,1.0,,6.1,4,3,3,5,11,0,0,4.26,23,0,0,0,0,0,1,0,0,28,127,0.57,0.13,0.23,0.45,0.0,0.18,1.421,0.33299999999999996,15.6,2.2
Zach Lee,25,962,MLB-NL,San Diego,2,0,,,,2.2,6,5,5,4,3,1,0,16.88,14,1,0,0,0,1,0,0,0,19,82,0.57,0.17,0.09,0.54,0.15,0.08,3.75,0.455,10.1,0.75
Mark Leiter Jr.,26,941,MLB-NL,Philadelphia,4,0,,,,7.1,3,4,3,6,3,0,0,3.68,24,0,1,0,0,0,0,0,0,31,133,0.52,0.17,0.02,0.38,0.24,0.1,1.227,0.14300000000000002,3.7,0.5
Dominic Leone,25,937,MLB-AL,Toronto,13,0,1.0,,,13.1,15,8,7,5,15,2,0,4.73,54,5,1,1,1,1,0,0,0,60,235,0.63,0.12,0.15,0.29,0.27,0.12,1.5,0.342,10.1,3.0
Jon Lester,33,937,MLB-NL,Chicago,6,6,1.0,2.0,,36.0,35,20,16,17,35,5,1,4.0,134,8,2,2,3,0,4,5,0,153,671,0.61,0.18,0.13,0.59,0.2,0.01,1.444,0.319,8.8,2.06
Adam Liberatore,30,942,MLB-NL,Los Angeles,2,0,,,,1.1,1,1,1,1,1,0,0,6.75,5,0,0,0,0,0,0,0,0,6,29,0.62,0.17,0.07,1.0,0.0,0.0,1.5,0.25,6.8,1.0
Josh Lindblom,30,938,MLB-NL,Pittsburgh,3,0,,,,8.0,15,8,8,3,9,0,0,9.0,39,2,0,0,0,0,0,0,0,42,153,0.7,0.12,0.1,0.47,0.23,0.13,2.25,0.5,10.1,3.0
Francisco Liriano,33,940,MLB-AL,Toronto,5,5,2.0,1.0,,21.1,23,13,13,17,19,2,2,5.48,85,3,1,1,4,0,1,0,0,105,440,0.57,0.18,0.1,0.55,0.21,0.05,1.875,0.32799999999999996,8.0,1.12
Boone Logan,32,938,MLB-AL,Cleveland,10,0,,,,4.1,6,2,1,2,8,0,0,2.08,19,0,0,0,0,0,0,0,0,22,92,0.64,0.17,0.2,0.5,0.42,0.08,1.8459999999999999,0.545,16.6,4.0
Michael Lorenzen,25,938,MLB-NL,Cincinnati,11,0,1.0,,1.0,14.1,14,8,8,5,11,1,3,5.02,56,3,1,1,1,0,0,0,0,64,226,0.59,0.18,0.07,0.6,0.27,0.07,1.3259999999999998,0.295,6.9,2.2
Aaron Loup,29,937,MLB-AL,Toronto,13,0,1.0,,,12.2,9,5,3,8,8,1,2,2.13,46,0,0,0,3,0,0,0,0,57,231,0.61,0.19,0.06,0.58,0.08,0.03,1.3419999999999999,0.21600000000000003,5.7,1.0
Jordan Lyles,26,939,MLB-NL,Colorado,8,0,,1.0,,11.2,18,10,10,4,10,3,1,7.71,51,6,0,0,2,0,0,0,0,56,202,0.6,0.14,0.1,0.56,0.22,0.0,1.886,0.395,7.7,2.5
Lance Lynn,30,940,MLB-NL,St. Louis,5,5,4.0,,,29.0,21,6,6,11,28,3,4,1.86,102,4,0,0,2,0,2,0,1,119,491,0.61,0.16,0.1,0.47,0.19,0.07,1.103,0.254,8.7,2.55
Tyler Lyons,29,949,MLB-NL,St. Louis,2,0,,,,3.0,1,1,1,2,2,0,1,3.0,8,0,0,0,1,1,0,0,0,12,44,0.57,0.18,0.07,0.57,0.14,0.0,1.0,0.14300000000000002,6.0,1.0
Jean Machi,35,938,MLB-AL,Seattle,5,0,1.0,,,7.2,7,2,1,4,4,1,0,1.17,26,1,0,0,3,1,1,0,0,31,107,0.62,0.13,0.11,0.52,0.26,0.04,1.435,0.273,4.7,1.0
Ryan Madson,36,940,MLB-AL,Oakland,11,0,,2.0,1.0,10.0,7,2,2,2,10,0,0,1.8,36,0,0,0,0,0,3,0,0,39,151,0.61,0.19,0.11,0.54,0.23,0.12,0.9,0.26899999999999996,9.0,5.0
Kenta Maeda,29,940,MLB-NL,Los Angeles,5,5,2.0,1.0,,29.1,26,16,15,6,31,6,0,4.6,112,8,0,0,0,1,0,0,0,120,446,0.64,0.17,0.15,0.38,0.29,0.07,1.091,0.263,9.5,5.17
Sean Manaea,25,954,MLB-AL,Oakland,3,3,1.0,1.0,,13.0,9,6,5,8,13,0,1,3.46,47,3,1,0,1,0,3,1,1,56,228,0.58,0.19,0.1,0.56,0.21,0.03,1.308,0.265,9.0,1.63
Seth Maness,28,937,MLB-AL,Kansas City,1,0,1.0,,,1.0,1,1,1,1,0,1,0,9.0,4,0,0,0,0,0,0,0,0,5,19,0.58,0.21,0.11,0.5,0.0,0.0,2.0,0.0,0.0,0.0
Jhan Marinez,28,941,MLB-NL,Milwaukee,11,0,,,,9.2,8,6,6,5,9,2,1,5.59,37,2,0,0,0,0,0,0,0,43,192,0.58,0.16,0.09,0.64,0.14,0.04,1.345,0.231,8.4,1.8
Justin Marks,29,945,MLB-AL,Tampa Bay,1,0,,,,1.1,2,1,1,1,1,1,0,6.75,6,0,0,0,0,0,0,0,0,7,26,0.5,0.15,0.08,0.4,0.4,0.0,2.25,0.25,6.8,1.0
German Marquez,22,940,MLB-NL,Colorado,4,4,1.0,2.0,,24.0,23,13,13,8,21,2,0,4.88,95,7,2,1,0,0,0,0,0,103,386,0.66,0.17,0.09,0.48,0.21,0.04,1.2919999999999998,0.292,7.9,2.63
Evan Marshall,27,955,MLB-AL,Seattle,4,0,,,,6.0,9,8,8,5,2,1,0,12.0,26,2,0,1,1,0,0,0,0,31,109,0.58,0.11,0.05,0.25,0.21,0.04,2.333,0.348,3.0,0.4
Carlos Martinez,25,937,MLB-NL,St. Louis,6,6,3.0,2.0,,36.1,30,18,16,20,44,6,0,3.96,141,3,0,0,1,0,2,0,1,161,594,0.65,0.2,0.11,0.58,0.18,0.08,1.376,0.264,10.9,2.2
Nick Martinez,26,937,MLB-AL,Texas,5,5,,2.0,,30.1,33,18,17,6,15,7,0,5.04,120,5,0,0,2,0,0,0,1,127,470,0.64,0.17,0.06,0.48,0.21,0.09,1.286,0.265,4.5,2.5
Brandon Maurer,26,938,MLB-NL,San Diego,11,0,,2.0,4.0,10.2,11,5,5,1,15,1,0,4.22,42,1,0,1,1,0,1,0,0,43,168,0.66,0.2,0.13,0.44,0.3,0.0,1.125,0.385,12.7,15.0
Zach McAllister,29,937,MLB-AL,Cleveland,6,0,,,,9.1,3,0,0,6,16,0,0,0.0,28,0,0,0,1,0,1,2,0,34,157,0.61,0.22,0.11,0.64,0.09,0.09,0.9640000000000001,0.25,15.4,2.67
Brandon McCarthy,33,951,MLB-NL,Los Angeles,3,3,1.0,,,17.0,18,8,8,5,17,2,0,4.24,67,2,0,0,0,0,0,2,0,72,271,0.71,0.21,0.1,0.42,0.28,0.1,1.3530000000000002,0.33299999999999996,9.0,3.4
Lance McCullers Jr.,23,938,MLB-AL,Houston,6,6,2.0,1.0,,35.1,30,13,12,11,40,3,1,3.06,128,7,0,0,4,1,0,2,1,142,569,0.61,0.17,0.12,0.58,0.27,0.02,1.16,0.314,10.2,3.64
T.J. McFarland,28,941,MLB-NL,Arizona,5,0,1.0,,,5.2,5,1,1,0,3,0,0,1.59,20,2,0,0,2,0,0,0,0,20,63,0.7,0.13,0.08,0.71,0.18,0.0,0.882,0.294,4.8,
Jake McGee,30,938,MLB-NL,Colorado,10,0,,,,10.1,5,3,3,4,10,1,0,2.61,36,1,0,0,0,0,0,0,0,40,160,0.66,0.15,0.09,0.26,0.26,0.15,0.871,0.16,8.7,2.5
Dustin McGowan,35,940,MLB-NL,Miami,9,0,1.0,,,12.2,15,9,9,9,13,1,2,6.39,52,2,0,3,0,2,1,0,0,66,238,0.58,0.08,0.13,0.33,0.3,0.05,1.895,0.35,9.2,1.44
Adalberto Mejia,24,958,MLB-AL,Minnesota,2,2,,,,7.2,9,4,4,6,10,2,0,4.7,30,3,0,0,0,0,0,1,0,36,168,0.63,0.16,0.16,0.33,0.33,0.1,1.9569999999999999,0.389,11.7,1.67
Mark Melancon,32,947,MLB-NL,San Francisco,8,0,,,4.0,8.0,7,2,1,0,9,1,0,1.13,30,0,0,0,1,0,0,0,1,30,120,0.69,0.18,0.12,0.67,0.1,0.1,0.875,0.3,10.1,
Alex Meyer,27,941,MLB-AL,Los Angeles,3,3,1.0,1.0,,13.0,14,11,11,12,14,2,1,7.62,50,5,0,0,1,0,2,1,0,64,258,0.56,0.2,0.07,0.44,0.31,0.08,2.0,0.353,9.7,1.17
Keynan Middleton,23,938,MLB-AL,Los Angeles,5,0,,,,4.0,3,2,2,5,4,0,0,4.5,14,1,0,0,0,0,0,0,0,19,78,0.54,0.18,0.12,0.2,0.2,0.2,2.0,0.3,9.0,0.8
Wade Miley,30,940,MLB-AL,Baltimore,6,6,1.0,1.0,,31.2,27,10,10,16,38,3,1,2.84,116,3,0,0,5,1,0,1,1,134,563,0.61,0.17,0.1,0.51,0.24,0.05,1.358,0.316,10.8,2.38
Andrew Miller,32,941,MLB-AL,Cleveland,10,0,1.0,,,12.1,6,0,0,4,17,0,1,0.0,44,0,0,0,0,0,0,0,0,49,198,0.72,0.23,0.14,0.52,0.3,0.0,0.8109999999999999,0.222,12.4,4.25
Shelby Miller,26,957,MLB-NL,Arizona,2,2,1.0,1.0,,11.1,8,4,4,7,8,0,0,3.18,40,4,0,0,2,0,0,0,0,47,179,0.6,0.16,0.09,0.44,0.28,0.06,1.324,0.25,6.4,1.14
Tommy Milone,30,940,MLB-NL,"Milwaukee,New York",5,3,1.0,,1.0,20.0,23,11,11,3,17,7,0,4.95,83,1,0,0,0,0,0,0,0,86,324,0.68,0.18,0.08,0.35,0.32,0.12,1.3,0.271,7.7,5.67
Mike Minor,29,937,MLB-AL,Kansas City,9,0,,,,15.0,8,2,2,3,16,0,1,1.2,51,1,0,0,2,0,0,0,0,55,204,0.66,0.15,0.14,0.43,0.2,0.17,0.733,0.22899999999999998,9.6,5.33
Ariel Miranda,28,941,MLB-AL,Seattle,5,5,3.0,1.0,,25.2,26,15,15,6,21,5,0,5.26,102,3,0,0,0,1,1,0,1,110,427,0.64,0.17,0.08,0.44,0.18,0.09,1.247,0.273,7.4,3.5
Bryan Mitchell,26,950,MLB-AL,New York,6,0,,1.0,,8.0,11,8,8,6,6,1,0,9.0,36,2,0,1,0,0,1,0,0,42,154,0.58,0.17,0.06,0.27,0.43,0.03,2.125,0.345,6.8,1.0
Frankie Montas,24,937,MLB-AL,Oakland,10,0,1.0,,,12.0,19,11,11,5,16,3,1,8.25,54,2,0,0,0,0,1,0,0,60,238,0.67,0.15,0.15,0.36,0.23,0.13,2.0,0.457,12.0,3.2
Miguel Montero,33,944,MLB-NL,Chicago,1,0,,,,1.0,0,0,0,2,0,0,0,0.0,3,0,0,0,0,0,0,0,0,5,25,0.44,0.2,0.0,0.33,0.33,0.0,2.0,0.0,0.0,0.0
Rafael Montero,26,937,MLB-NL,New York,6,1,,1.0,,7.0,15,10,9,4,8,1,1,11.57,35,1,0,1,0,1,2,0,0,41,160,0.67,0.17,0.08,0.41,0.24,0.07,2.714,0.519,10.3,2.0
Jordan Montgomery,24,938,MLB-AL,New York,5,5,2.0,2.0,,29.2,28,15,14,13,26,2,0,4.25,112,3,2,0,5,1,1,0,0,126,463,0.65,0.19,0.13,0.4,0.18,0.08,1.382,0.306,7.9,2.0
Mike Montgomery,27,937,MLB-NL,Chicago,10,0,,,,20.0,13,2,1,10,15,0,1,0.45,65,2,0,1,5,0,1,1,0,77,301,0.59,0.18,0.1,0.57,0.33,0.02,1.15,0.26,6.8,1.5
Matt Moore,28,937,MLB-NL,San Francisco,6,6,1.0,3.0,,32.2,42,25,25,16,32,7,1,6.89,135,10,2,0,2,1,1,0,1,155,576,0.63,0.16,0.09,0.35,0.32,0.07,1.776,0.361,8.8,2.0
Diego Moreno,29,937,MLB-AL,Tampa Bay,3,0,,1.0,,3.0,5,4,3,2,4,1,0,9.0,14,2,0,0,0,0,1,0,0,16,65,0.63,0.2,0.11,0.36,0.36,0.0,2.333,0.444,12.0,2.0
Mike Morin,26,961,MLB-AL,Los Angeles,2,0,,,,3.0,4,3,3,0,1,1,1,9.0,11,0,0,0,1,0,0,0,0,13,38,0.68,0.11,0.16,0.4,0.2,0.0,1.3330000000000002,0.33299999999999996,3.0,
Bryan Morris,30,938,MLB-NL,San Francisco,5,0,1.0,,,7.1,10,5,5,3,5,0,0,6.14,29,2,1,0,0,0,0,0,1,33,108,0.59,0.11,0.07,0.48,0.28,0.08,1.7730000000000001,0.41700000000000004,6.1,1.67
Charlie Morton,33,941,MLB-AL,Houston,5,5,4.0,1.0,,28.2,28,13,11,10,34,2,3,3.45,112,6,1,0,2,0,1,1,0,126,465,0.62,0.2,0.1,0.54,0.27,0.04,1.3259999999999998,0.342,10.7,3.4
Jason Motte,35,940,MLB-NL,Atlanta,6,0,,,,6.0,7,2,2,3,3,1,1,3.0,22,3,0,1,3,0,0,0,0,26,111,0.64,0.14,0.09,0.47,0.21,0.11,1.6669999999999998,0.33299999999999996,4.5,1.0
Peter Moylan,38,940,MLB-AL,Kansas City,13,0,,,,8.1,14,11,11,3,6,2,1,11.88,38,1,1,1,0,0,1,1,1,42,153,0.63,0.16,0.08,0.63,0.16,0.09,2.04,0.4,6.5,2.0
Joe Musgrove,24,940,MLB-AL,Houston,5,5,1.0,3.0,,27.1,27,17,16,9,24,7,0,5.27,102,2,1,0,4,1,1,0,0,116,453,0.68,0.19,0.1,0.4,0.24,0.06,1.317,0.278,7.9,2.67
Jimmy Nelson,28,939,MLB-NL,Milwaukee,5,5,,2.0,,25.1,29,17,15,12,20,3,0,5.33,99,7,0,0,4,0,4,1,2,112,424,0.65,0.21,0.09,0.44,0.31,0.01,1.618,0.342,7.1,1.67
Hector Neris,28,941,MLB-NL,Philadelphia,13,0,1.0,2.0,3.0,13.1,15,8,8,3,12,4,1,5.4,53,1,0,1,2,0,0,0,0,57,225,0.65,0.1,0.14,0.27,0.32,0.07,1.35,0.297,8.1,4.0
Pat Neshek,36,937,MLB-NL,Philadelphia,10,0,,,,9.0,5,0,0,2,6,0,0,0.0,31,0,0,0,0,0,0,0,0,34,141,0.7,0.16,0.09,0.4,0.28,0.12,0.778,0.2,6.0,3.0
Dovydas Neverauskas,24,956,MLB-NL,Pittsburgh,1,0,,,,2.0,2,1,1,0,1,0,0,4.5,7,1,0,0,1,0,0,0,0,7,25,0.6,0.24,0.08,0.17,0.17,0.0,1.0,0.33299999999999996,4.5,
Juan Nicasio,30,937,MLB-NL,Pittsburgh,12,0,1.0,,,11.2,9,1,1,4,7,0,1,0.77,43,3,0,0,0,0,0,0,0,48,191,0.63,0.15,0.12,0.47,0.31,0.06,1.114,0.25,5.4,1.75
Aaron Nola,24,960,MLB-NL,Philadelphia,2,2,1.0,,,10.0,13,5,5,4,8,1,0,4.5,41,1,0,0,1,0,1,0,0,45,186,0.66,0.22,0.13,0.56,0.18,0.03,1.7,0.375,7.2,2.0
Ricky Nolasco,34,937,MLB-AL,Los Angeles,5,5,2.0,,,29.0,29,12,12,8,27,8,0,3.72,111,6,0,1,2,0,0,1,0,121,481,0.61,0.16,0.11,0.41,0.27,0.05,1.276,0.276,8.4,3.38
Bud Norris,32,937,MLB-AL,Los Angeles,14,0,1.0,2.0,6.0,13.1,8,5,5,6,17,1,0,3.38,45,0,0,0,2,0,1,1,0,51,220,0.62,0.16,0.12,0.43,0.36,0.07,1.05,0.259,11.5,2.83
Daniel Norris,24,937,MLB-AL,Detroit,6,6,2.0,2.0,,31.0,39,17,15,16,29,2,1,4.35,131,8,1,0,2,0,5,1,1,149,618,0.6,0.17,0.1,0.4,0.31,0.05,1.774,0.37,8.4,1.81
Ivan Nova,30,941,MLB-NL,Pittsburgh,5,5,2.0,2.0,,36.1,29,9,9,3,24,3,0,2.23,132,5,1,0,3,0,3,0,0,136,443,0.69,0.19,0.08,0.5,0.28,0.02,0.8809999999999999,0.248,5.9,8.0
Vidal Nuno III,29,938,MLB-AL,Baltimore,7,0,,1.0,,10.2,15,9,9,4,12,4,0,7.59,47,5,0,1,0,0,1,0,0,51,216,0.64,0.17,0.07,0.46,0.26,0.0,1.781,0.355,10.1,3.0
Darren O'Day,34,942,MLB-AL,Baltimore,11,0,1.0,,2.0,10.2,7,3,3,3,10,1,0,2.53,37,0,0,1,1,0,0,0,0,40,176,0.65,0.18,0.08,0.46,0.29,0.11,0.938,0.231,8.4,3.33
Eric O'Flaherty,32,937,MLB-NL,Atlanta,12,0,,,,9.0,11,7,7,2,4,1,0,7.0,37,5,0,0,1,0,1,0,0,39,124,0.69,0.18,0.07,0.64,0.21,0.03,1.444,0.313,4.0,2.0
Scott Oberg,27,937,MLB-NL,Colorado,12,0,,,,9.2,10,10,8,6,11,1,0,7.45,40,1,1,0,1,0,0,0,0,46,193,0.61,0.16,0.13,0.59,0.24,0.03,1.655,0.321,10.2,1.83
Jake Odorizzi,27,939,MLB-AL,Tampa Bay,4,4,1.0,1.0,,19.0,10,4,3,3,16,3,0,1.42,65,3,0,0,0,1,1,1,0,70,316,0.63,0.11,0.13,0.31,0.29,0.1,0.684,0.149,7.6,5.33
Seunghwan Oh,34,937,MLB-NL,St. Louis,13,0,,1.0,10.0,14.0,12,4,1,6,11,1,0,0.64,52,2,0,3,1,0,0,0,0,60,239,0.67,0.16,0.11,0.34,0.29,0.15,1.286,0.275,7.1,1.83
Steven Okert,25,938,MLB-NL,San Francisco,14,0,1.0,,,11.1,9,6,6,4,7,0,2,4.76,39,4,0,0,1,0,0,1,0,47,184,0.63,0.13,0.1,0.41,0.28,0.06,1.147,0.281,5.6,1.75
Josh Osich,28,938,MLB-NL,San Francisco,6,0,,1.0,,5.1,1,1,1,3,5,0,0,1.69,17,0,0,0,0,0,0,0,0,20,74,0.61,0.19,0.11,0.67,0.08,0.08,0.75,0.083,8.4,1.67
Roberto Osuna,22,937,MLB-AL,Toronto,14,0,2.0,,5.0,14.0,10,5,5,1,17,1,0,3.21,49,2,0,0,1,1,1,0,0,52,193,0.69,0.13,0.18,0.41,0.32,0.12,0.7859999999999999,0.281,10.9,17.0
Dan Otero,32,937,MLB-AL,Cleveland,8,0,,,,10.2,8,4,4,1,10,3,0,3.38,41,1,0,0,1,0,1,0,0,42,171,0.67,0.18,0.08,0.61,0.29,0.0,0.8440000000000001,0.179,8.4,10.0
Adam Ottavino,31,937,MLB-NL,Colorado,9,0,,,,8.2,6,3,3,7,6,0,0,3.12,30,0,0,0,2,0,2,0,0,37,165,0.56,0.25,0.08,0.5,0.25,0.04,1.5,0.25,6.2,0.86
Dillon Overton,25,937,MLB-AL,Seattle,5,1,,,,11.2,11,7,5,1,5,2,0,3.86,46,3,0,0,1,1,0,0,1,48,174,0.65,0.17,0.09,0.41,0.2,0.02,1.0290000000000001,0.225,3.9,5.0
Emilio Pagan,26,945,MLB-AL,Seattle,2,0,,1.0,,2.2,4,5,5,1,2,1,0,16.88,11,0,0,0,0,1,0,0,0,13,53,0.6,0.11,0.13,0.0,0.5,0.2,1.875,0.33299999999999996,6.8,2.0
Blake Parker,32,938,MLB-AL,Los Angeles,13,0,,2.0,,11.2,12,5,5,6,17,0,0,3.86,46,2,0,0,1,0,3,0,0,52,217,0.65,0.18,0.16,0.61,0.25,0.0,1.5430000000000001,0.414,13.1,2.83
James Paxton,28,948,MLB-AL,Seattle,4,4,2.0,,,24.2,20,7,6,8,32,0,0,2.19,91,7,0,1,2,2,0,0,0,101,415,0.63,0.17,0.14,0.4,0.29,0.05,1.135,0.32799999999999996,11.7,4.0
James Pazos,26,937,MLB-AL,Seattle,10,0,1.0,1.0,,11.1,7,4,2,6,19,0,2,1.59,40,3,0,0,0,2,4,0,0,50,210,0.62,0.2,0.12,0.65,0.26,0.0,1.147,0.304,15.1,3.17
Brad Peacock,29,946,MLB-AL,Houston,5,0,,,,7.2,4,2,2,6,12,0,1,2.35,26,2,0,0,0,0,0,0,0,33,139,0.57,0.17,0.16,0.36,0.14,0.21,1.304,0.28600000000000003,14.1,2.0
Mike Pelfrey,33,941,MLB-AL,Chicago,4,4,,3.0,,19.0,20,13,11,7,6,2,2,5.21,75,3,1,0,2,1,5,0,0,85,348,0.61,0.21,0.05,0.42,0.26,0.1,1.421,0.265,2.8,0.86
Felix Pena,27,941,MLB-NL,Chicago,2,0,,,,5.0,8,4,3,1,4,1,0,5.4,23,2,0,0,1,0,1,0,0,24,81,0.62,0.16,0.09,0.53,0.11,0.11,1.8,0.389,7.2,4.0
Wandy Peralta,25,938,MLB-NL,Cincinnati,12,0,2.0,,,11.2,6,2,2,3,17,1,0,1.54,39,3,0,0,0,1,0,0,0,43,160,0.69,0.18,0.22,0.5,0.29,0.04,0.7709999999999999,0.22699999999999998,13.1,5.67
Wily Peralta,28,941,MLB-NL,Milwaukee,5,5,2.0,2.0,,24.2,30,18,18,11,19,7,1,6.57,99,9,0,1,3,1,0,1,1,112,446,0.6,0.18,0.07,0.44,0.26,0.09,1.662,0.311,6.9,1.73
Luis Perdomo,24,940,MLB-NL,San Diego,4,4,,,,23.2,22,10,8,9,22,0,2,3.04,84,3,0,1,4,1,1,2,1,96,341,0.64,0.17,0.13,0.68,0.21,0.05,1.31,0.349,8.4,2.44
Martin Perez,26,939,MLB-AL,Texas,6,6,,4.0,,32.2,42,17,16,14,18,2,0,4.41,132,8,0,3,7,0,0,0,0,149,562,0.59,0.16,0.06,0.47,0.29,0.07,1.714,0.35700000000000004,5.0,1.29
Oliver Perez,35,941,MLB-NL,Washington,8,0,,,,6.0,6,1,1,1,7,1,1,1.5,24,1,0,1,0,0,1,0,0,26,116,0.65,0.23,0.09,0.24,0.29,0.18,1.167,0.313,10.5,7.0
Yusmeiro Petit,32,937,MLB-AL,Los Angeles,10,0,,,,16.2,14,6,5,3,17,1,1,2.7,63,3,0,0,0,0,0,1,0,67,258,0.67,0.19,0.09,0.31,0.31,0.18,1.02,0.289,9.2,5.67
David Phelps,30,937,MLB-NL,Miami,11,0,1.0,1.0,,12.0,10,6,5,6,11,1,0,3.75,42,0,0,1,2,0,2,0,0,49,201,0.6,0.21,0.06,0.48,0.26,0.0,1.3330000000000002,0.3,8.3,1.83
Michael Pineda,28,939,MLB-AL,New York,5,5,2.0,1.0,,30.0,25,12,10,6,33,6,1,3.0,114,5,0,0,1,1,1,1,1,122,461,0.68,0.19,0.13,0.49,0.28,0.06,1.033,0.25,9.9,5.5
Nick Pivetta,24,937,MLB-NL,Philadelphia,3,3,,2.0,,14.2,23,10,10,5,16,5,1,6.14,64,8,0,0,2,0,0,0,1,70,284,0.59,0.14,0.1,0.38,0.38,0.06,1.909,0.419,9.8,3.2
Kevin Plawecki,26,950,MLB-NL,New York,1,0,,,,2.0,4,4,4,0,0,3,0,18.0,10,0,0,0,0,0,0,0,0,10,33,0.61,0.12,0.03,0.2,0.1,0.0,2.0,0.14300000000000002,0.0,
Drew Pomeranz,28,941,MLB-AL,Boston,5,5,2.0,2.0,,25.0,28,17,17,10,30,7,0,6.12,102,4,1,0,2,0,1,1,0,112,479,0.63,0.18,0.09,0.46,0.28,0.08,1.52,0.32299999999999995,10.8,3.0
Rick Porcello,28,938,MLB-AL,Boston,6,6,1.0,5.0,,37.0,40,22,16,7,39,8,0,3.89,154,11,0,0,1,0,3,0,0,161,656,0.68,0.17,0.11,0.38,0.23,0.04,1.27,0.299,9.5,5.57
Brooks Pounders,26,947,MLB-AL,Los Angeles,4,0,1.0,,,3.2,7,4,4,1,5,2,0,9.82,17,1,1,0,0,0,1,0,0,19,74,0.59,0.16,0.11,0.25,0.33,0.17,2.182,0.5,12.3,5.0
Ryan Pressly,28,939,MLB-AL,Minnesota,13,0,1.0,2.0,,10.1,15,11,11,4,12,3,0,9.58,44,5,0,2,1,0,1,0,0,49,182,0.6,0.13,0.12,0.38,0.28,0.03,1.839,0.414,10.5,3.0
Austin Pruitt,27,942,MLB-AL,Tampa Bay,8,1,3.0,1.0,,18.0,26,14,12,3,17,1,3,6.0,77,6,0,1,1,0,4,0,0,83,294,0.65,0.21,0.12,0.44,0.35,0.03,1.611,0.424,8.5,5.67
Zach Putnam,29,958,MLB-AL,Chicago,3,0,,,,2.1,0,1,1,1,1,0,0,3.86,7,0,0,0,0,0,0,0,0,8,27,0.59,0.15,0.15,0.5,0.17,0.0,0.429,0.0,3.9,1.0
Kevin Quackenbush,28,937,MLB-NL,San Diego,6,0,,,,7.1,7,3,3,3,10,1,0,3.68,28,0,0,0,1,0,0,0,0,31,135,0.61,0.26,0.08,0.61,0.22,0.0,1.364,0.353,12.3,3.33
Chad Qualls,38,937,MLB-NL,Colorado,7,0,1.0,,,7.1,6,3,2,2,3,0,0,2.45,27,2,0,0,1,0,0,0,0,30,100,0.59,0.07,0.12,0.52,0.22,0.04,1.091,0.25,3.7,1.5
Jose Quintana,28,943,MLB-AL,Chicago,5,5,2.0,3.0,,30.2,32,14,13,15,32,1,0,3.82,118,7,2,0,3,1,0,2,1,135,501,0.61,0.19,0.08,0.44,0.22,0.11,1.5330000000000001,0.36,9.4,2.13
Erasmo Ramirez,27,938,MLB-AL,Tampa Bay,7,1,1.0,,,17.0,12,5,5,3,11,2,0,2.65,59,4,0,0,2,0,0,0,0,63,220,0.67,0.19,0.08,0.55,0.22,0.02,0.882,0.217,5.8,3.67
JC Ramirez,28,939,MLB-AL,Los Angeles,6,6,1.0,3.0,,35.2,32,16,16,10,34,4,1,4.04,130,5,1,0,5,1,4,1,0,143,530,0.64,0.18,0.1,0.39,0.32,0.07,1.178,0.301,8.6,3.4
Jose Ramirez,27,938,MLB-NL,Atlanta,11,0,1.0,,,10.2,4,1,0,3,13,0,0,0.0,32,1,0,0,1,1,2,1,0,36,161,0.65,0.15,0.18,0.47,0.16,0.0,0.6559999999999999,0.2,11.0,4.33
Neil Ramirez,28,951,MLB-NL,San Francisco,5,0,,,,5.0,9,12,7,3,9,2,1,12.6,25,1,0,0,0,1,0,0,0,30,115,0.63,0.17,0.15,0.29,0.18,0.12,2.4,0.467,16.2,3.0
AJ Ramos,30,941,MLB-NL,Miami,9,0,1.0,1.0,2.0,8.0,7,4,3,5,9,1,1,3.38,29,0,0,0,2,0,0,0,0,35,153,0.58,0.21,0.11,0.5,0.3,0.0,1.5,0.316,10.1,1.8
Edubray Ramos,24,937,MLB-NL,Philadelphia,12,0,,2.0,,11.0,15,8,7,6,15,3,0,5.73,48,2,0,2,0,1,0,0,0,55,200,0.62,0.19,0.11,0.36,0.24,0.06,1.909,0.387,12.3,2.5
Robbie Ray,25,941,MLB-NL,Arizona,5,5,1.0,3.0,,29.0,26,17,16,15,43,4,0,4.97,107,6,1,0,2,1,0,1,0,125,501,0.59,0.18,0.14,0.46,0.26,0.06,1.4140000000000001,0.361,13.3,2.87
Addison Reed,28,940,MLB-NL,New York,13,0,,1.0,1.0,11.0,13,5,5,0,15,3,0,4.09,44,2,1,0,0,1,0,0,0,45,167,0.74,0.16,0.17,0.39,0.19,0.0,1.182,0.37,12.3,
Cody Reed,24,947,MLB-NL,Cincinnati,5,1,,1.0,,9.0,8,10,10,11,10,3,0,10.0,34,2,0,2,1,0,0,0,0,45,201,0.52,0.1,0.14,0.63,0.21,0.0,2.1109999999999998,0.23800000000000002,10.0,0.91
Clayton Richard,33,939,MLB-NL,San Diego,6,6,1.0,3.0,,33.2,44,19,19,13,24,4,1,5.08,131,9,1,0,6,1,3,3,4,149,524,0.66,0.16,0.09,0.61,0.24,0.03,1.693,0.385,6.4,1.85
Tanner Roark,30,937,MLB-NL,Washington,6,6,1.0,1.0,,35.1,30,17,15,15,30,4,0,3.82,129,3,0,1,4,0,3,0,1,144,644,0.6,0.17,0.09,0.46,0.31,0.09,1.274,0.27399999999999997,7.6,2.0
David Robertson,32,937,MLB-AL,Chicago,9,0,2.0,,4.0,9.2,6,3,3,5,14,1,0,2.79,35,2,0,0,0,0,1,0,0,40,155,0.6,0.21,0.12,0.35,0.2,0.15,1.138,0.25,13.0,2.8
Hansel Robles,26,937,MLB-NL,New York,12,0,2.0,,,13.0,10,4,4,5,15,1,2,2.77,47,2,0,0,0,1,0,1,0,55,203,0.6,0.18,0.11,0.42,0.27,0.15,1.1540000000000001,0.281,10.4,3.0
Fernando Rodney,40,939,MLB-NL,Arizona,10,0,,2.0,6.0,8.2,11,11,11,5,11,2,1,11.42,34,2,0,1,2,0,3,1,0,40,170,0.6,0.15,0.1,0.5,0.27,0.0,1.8459999999999999,0.429,11.4,2.2
Eduardo Rodriguez,24,939,MLB-AL,Boston,5,4,1.0,,,25.0,16,5,5,8,29,1,1,1.8,89,5,2,1,0,0,0,1,0,99,425,0.64,0.17,0.15,0.45,0.18,0.08,0.96,0.254,10.4,3.63
Francisco Rodriguez,35,939,MLB-AL,Detroit,10,0,,4.0,4.0,8.1,12,10,9,5,10,3,0,9.72,38,6,0,1,0,0,0,0,0,43,168,0.61,0.2,0.1,0.38,0.34,0.03,2.04,0.36,10.8,2.0
Joely Rodriguez,25,937,MLB-NL,Philadelphia,13,0,1.0,1.0,,12.2,11,4,2,4,7,0,1,1.42,48,3,0,2,2,0,0,0,0,53,189,0.66,0.17,0.1,0.62,0.21,0.0,1.1840000000000002,0.268,5.0,1.75
Taylor Rogers,26,937,MLB-AL,Minnesota,15,0,,1.0,,10.0,9,5,5,3,6,0,1,4.5,36,3,0,1,1,0,1,0,0,42,146,0.64,0.23,0.05,0.57,0.23,0.03,1.2,0.3,5.4,2.0
Sal Romano,23,964,MLB-NL,Cincinnati,1,1,,1.0,,3.0,3,3,2,4,2,2,1,6.0,12,1,0,0,0,0,1,0,0,18,82,0.48,0.11,0.01,0.2,0.1,0.2,2.333,0.125,6.0,0.5
Enny Romero,26,937,MLB-NL,Washington,12,0,2.0,1.0,1.0,12.2,11,6,6,3,13,2,0,4.26,49,3,0,0,0,0,1,0,0,52,207,0.63,0.14,0.11,0.42,0.14,0.08,1.105,0.265,9.2,4.33
Sergio Romo,34,941,MLB-NL,Los Angeles,12,0,1.0,,,8.0,9,9,9,7,9,1,0,10.13,31,3,0,1,1,0,0,1,0,38,152,0.58,0.14,0.13,0.36,0.36,0.09,2.0,0.381,10.1,1.29
Hector Rondon,29,938,MLB-NL,Chicago,11,0,,1.0,,10.1,8,4,4,4,10,1,0,3.48,38,2,0,0,1,0,2,0,0,42,194,0.62,0.15,0.09,0.52,0.17,0.0,1.161,0.259,8.7,2.5
Trevor Rosenthal,27,937,MLB-NL,St. Louis,12,0,1.0,1.0,3.0,12.0,7,2,2,3,19,1,0,1.5,43,0,0,0,0,0,0,0,0,46,205,0.67,0.18,0.14,0.38,0.38,0.13,0.833,0.261,14.3,6.33
Joe Ross,24,950,MLB-NL,Washington,3,3,1.0,,,15.2,20,13,13,4,14,5,0,7.47,65,3,1,0,1,0,0,0,0,70,266,0.65,0.21,0.08,0.39,0.24,0.08,1.5319999999999998,0.326,8.0,3.5
Robbie Ross,28,938,MLB-AL,Boston,5,0,,,,5.1,5,2,2,3,5,0,2,3.38,20,1,1,1,1,0,0,0,0,25,91,0.53,0.12,0.13,0.4,0.33,0.07,1.5,0.33299999999999996,8.4,1.67
Drew Rucinski,28,944,MLB-AL,Minnesota,1,0,,,,3.1,5,2,2,1,5,1,0,5.4,14,1,0,0,1,0,0,0,0,15,57,0.65,0.16,0.11,0.44,0.33,0.0,1.8,0.5,13.5,5.0
Chris Rusin,30,938,MLB-NL,Colorado,9,0,1.0,,1.0,15.1,9,5,5,4,15,1,0,2.93,54,1,0,0,0,0,0,0,0,58,208,0.64,0.16,0.12,0.59,0.15,0.05,0.848,0.21100000000000002,8.8,3.75
Kyle Ryan,25,955,MLB-AL,Detroit,4,0,,,,2.0,6,4,4,4,1,0,0,18.0,11,1,0,1,0,1,1,0,0,16,78,0.49,0.13,0.08,0.27,0.45,0.09,5.0,0.545,4.5,0.25
Hyun-Jin Ryu,30,939,MLB-NL,Los Angeles,4,4,1.0,3.0,,21.1,23,16,11,11,23,3,2,4.64,84,8,1,1,0,1,1,0,1,98,389,0.61,0.19,0.12,0.43,0.33,0.08,1.594,0.33899999999999997,9.7,2.09
Marc Rzepczynski,31,940,MLB-AL,Seattle,10,0,1.0,,,7.0,1,0,0,2,7,0,0,0.0,22,1,0,1,0,0,0,0,0,24,90,0.63,0.16,0.19,0.67,0.0,0.0,0.429,0.067,9.0,3.5
CC Sabathia,36,941,MLB-AL,New York,5,5,1.0,2.0,,28.0,33,23,23,11,22,6,3,7.39,114,2,1,0,2,0,1,0,0,129,432,0.64,0.19,0.11,0.49,0.23,0.04,1.571,0.314,7.1,2.0
Fernando Salas,32,940,MLB-NL,New York,12,0,,1.0,,8.2,16,11,10,5,5,3,0,10.38,40,3,0,2,1,2,0,0,0,48,189,0.6,0.12,0.1,0.5,0.18,0.11,2.423,0.382,5.2,1.0
Danny Salazar,27,940,MLB-AL,Cleveland,5,5,2.0,2.0,,24.2,30,15,15,12,33,4,1,5.47,100,7,0,0,2,2,0,0,0,115,476,0.63,0.15,0.16,0.33,0.35,0.09,1.703,0.4,12.0,2.75
Chris Sale,28,937,MLB-AL,Boston,6,6,4.0,1.0,,44.0,24,13,12,11,68,3,2,2.45,149,2,0,0,2,3,1,0,0,166,665,0.69,0.19,0.18,0.4,0.25,0.07,0.795,0.259,13.9,6.18
Jeff Samardzija,32,941,MLB-NL,San Francisco,5,5,,3.0,,34.1,32,21,19,4,39,4,2,4.98,129,8,2,0,1,1,0,3,0,137,508,0.67,0.17,0.11,0.37,0.34,0.12,1.0490000000000002,0.322,10.2,9.75
Aaron Sanchez,24,950,MLB-AL,Toronto,2,2,,1.0,,6.1,7,5,5,2,4,3,0,7.11,25,3,0,0,2,0,0,0,0,27,106,0.62,0.18,0.09,0.43,0.24,0.05,1.421,0.222,5.7,2.0
Anibal Sanchez,33,938,MLB-AL,Detroit,7,0,,,,12.2,22,15,14,5,14,6,0,9.95,61,5,0,0,0,0,2,0,0,66,257,0.61,0.19,0.1,0.32,0.28,0.06,2.1319999999999997,0.39,9.9,2.8
Ervin Santana,34,938,MLB-AL,Minnesota,6,6,4.0,1.0,,41.0,19,8,8,17,34,5,1,1.76,136,2,0,0,1,0,1,0,0,156,610,0.61,0.17,0.08,0.44,0.18,0.17,0.878,0.14400000000000002,7.5,2.0
Hector Santiago,29,941,MLB-AL,Minnesota,5,5,3.0,,,31.0,26,10,10,13,26,2,1,2.9,116,3,0,0,1,0,3,1,0,130,496,0.62,0.17,0.08,0.37,0.25,0.11,1.258,0.273,7.5,2.0
Warwick Saupold,27,960,MLB-AL,Detroit,2,0,,,,4.1,3,3,3,2,5,3,1,6.23,15,0,0,0,0,0,1,0,0,18,73,0.6,0.14,0.16,0.1,0.1,0.1,1.1540000000000001,0.0,10.4,2.5
Rob Scahill,30,937,MLB-NL,Milwaukee,3,0,1.0,1.0,,6.1,8,4,2,4,1,1,0,2.84,25,2,0,1,2,0,0,0,0,29,113,0.59,0.15,0.04,0.48,0.24,0.04,1.895,0.304,1.4,0.25
Max Scherzer,32,941,MLB-NL,Washington,5,5,3.0,1.0,,36.0,22,11,11,9,45,7,1,2.75,126,3,0,0,3,0,1,0,0,137,543,0.68,0.15,0.16,0.33,0.21,0.1,0.861,0.203,11.3,5.0
Robby Scott,27,938,MLB-AL,Boston,12,0,,,,7.2,2,2,1,2,6,0,0,1.17,23,0,0,0,0,1,0,1,1,26,101,0.62,0.19,0.12,0.61,0.06,0.11,0.522,0.111,7.0,3.0
Evan Scribner,31,955,MLB-AL,Seattle,4,0,,1.0,,4.2,7,5,5,0,6,2,0,9.64,20,3,0,0,0,0,1,0,0,21,91,0.71,0.2,0.13,0.36,0.36,0.0,1.5,0.41700000000000004,11.6,
Antonio Senzatela,22,941,MLB-NL,Colorado,5,5,4.0,1.0,,32.0,29,13,12,7,13,3,2,3.38,117,8,1,0,3,3,2,0,0,130,475,0.61,0.17,0.06,0.47,0.24,0.08,1.125,0.25,3.7,1.86
Luis Severino,23,943,MLB-AL,New York,4,4,1.0,2.0,,27.2,18,10,9,5,28,5,0,2.93,99,3,0,0,2,1,1,0,0,106,432,0.64,0.19,0.12,0.54,0.21,0.03,0.831,0.19399999999999998,9.1,5.6
Paul Sewald,27,937,MLB-NL,New York,5,0,,,,9.1,9,2,2,1,11,0,0,1.93,36,1,1,0,1,0,0,0,0,37,141,0.72,0.21,0.14,0.32,0.32,0.12,1.071,0.36,10.6,11.0
Bryan Shaw,29,940,MLB-AL,Cleveland,11,0,,,,11.2,10,6,3,6,8,0,0,2.31,41,3,0,0,5,0,1,0,0,48,201,0.6,0.09,0.12,0.79,0.09,0.03,1.371,0.303,6.2,1.33
James Shields,35,964,MLB-AL,Chicago,1,1,,,,6.0,5,1,1,3,5,1,0,1.5,23,0,0,0,0,0,0,0,0,26,97,0.59,0.2,0.1,0.39,0.11,0.11,1.3330000000000002,0.235,7.5,1.67
Braden Shipley,25,946,MLB-NL,Arizona,1,1,,1.0,,4.0,5,3,3,6,2,0,0,6.75,16,1,0,0,1,0,0,0,0,22,92,0.53,0.15,0.03,0.57,0.14,0.14,2.75,0.35700000000000004,4.5,0.33
Matt Shoemaker,30,938,MLB-AL,Los Angeles,6,6,2.0,2.0,,34.2,27,14,14,14,36,6,1,3.63,128,6,0,0,2,0,2,0,0,143,573,0.62,0.14,0.11,0.4,0.16,0.08,1.183,0.244,9.3,2.57
Chasen Shreve,26,939,MLB-AL,New York,3,0,1.0,,,4.1,1,0,0,4,6,0,0,0.0,14,0,0,2,0,0,0,0,0,18,77,0.53,0.1,0.19,0.5,0.0,0.13,1.1540000000000001,0.125,12.5,1.5
Kevin Siegrist,27,938,MLB-NL,St. Louis,13,0,,,1.0,12.0,9,2,2,7,12,1,0,1.5,44,1,1,0,0,0,1,1,1,51,210,0.59,0.18,0.11,0.47,0.16,0.06,1.3330000000000002,0.258,9.0,1.71
Tony Sipp,33,946,MLB-AL,Houston,6,0,,,,4.2,4,2,2,4,6,0,0,3.86,17,1,0,0,0,0,1,0,0,22,97,0.53,0.12,0.13,0.45,0.36,0.09,1.714,0.364,11.6,1.5
Tyler Skaggs,25,952,MLB-AL,Los Angeles,3,3,1.0,,,19.0,15,3,3,4,19,0,0,1.42,67,2,0,0,3,1,0,0,0,72,279,0.67,0.21,0.09,0.54,0.19,0.1,1.0,0.306,9.0,4.75
Joe Smith,33,937,MLB-AL,Toronto,14,0,,,,13.0,11,3,3,5,18,1,0,2.08,47,1,0,0,1,0,0,1,0,53,201,0.69,0.17,0.12,0.47,0.3,0.07,1.2309999999999999,0.35700000000000004,12.5,3.6
Josh Smith,29,941,MLB-AL,Oakland,2,0,,,,5.0,3,2,1,3,2,0,0,1.8,16,2,1,1,0,1,0,1,0,20,75,0.63,0.2,0.07,0.47,0.33,0.13,1.2,0.2,3.6,0.67
Josh Smoker,28,943,MLB-NL,New York,10,0,,1.0,,10.2,13,13,12,5,12,3,2,10.13,46,6,0,2,0,0,1,0,0,53,216,0.63,0.17,0.09,0.47,0.21,0.06,1.6880000000000002,0.32299999999999995,10.1,2.4
Blake Snell,24,937,MLB-AL,Tampa Bay,6,6,,3.0,,30.2,38,21,18,17,28,5,0,5.28,123,8,0,0,7,0,0,0,0,141,612,0.57,0.18,0.1,0.47,0.23,0.07,1.7930000000000001,0.36700000000000005,8.2,1.65
Miguel Socolovich,30,942,MLB-NL,St. Louis,8,0,,1.0,1.0,9.2,10,11,10,3,7,2,0,9.31,38,4,0,0,2,0,0,0,0,41,155,0.65,0.19,0.1,0.38,0.25,0.13,1.345,0.276,6.5,2.33
Sammy Solis,28,962,MLB-NL,Washington,1,0,,,,1.0,1,0,0,0,1,0,0,0.0,4,0,0,0,0,0,0,0,0,4,18,0.61,0.28,0.0,0.67,0.0,0.0,1.0,0.33299999999999996,9.0,
Joakim Soria,33,938,MLB-AL,Kansas City,12,0,2.0,1.0,,12.1,11,5,4,4,20,0,0,2.92,48,2,0,1,1,0,0,0,0,52,227,0.65,0.16,0.15,0.75,0.14,0.07,1.216,0.39299999999999996,14.6,5.0
Craig Stammen,33,941,MLB-NL,San Diego,9,0,,1.0,,15.1,17,13,12,4,14,4,0,7.04,65,4,0,0,1,0,2,0,0,69,274,0.64,0.14,0.11,0.47,0.31,0.02,1.37,0.27699999999999997,8.2,3.5
Robert Stephenson,24,938,MLB-NL,Cincinnati,7,0,,2.0,1.0,14.2,17,13,12,6,15,4,0,7.36,60,4,0,0,0,1,1,0,0,68,259,0.63,0.12,0.12,0.39,0.2,0.09,1.568,0.31,9.2,2.5
Drew Storen,29,938,MLB-NL,Cincinnati,11,0,,,,11.2,7,3,3,2,13,1,4,2.31,41,1,0,0,0,0,0,0,0,47,176,0.68,0.22,0.11,0.48,0.28,0.03,0.7709999999999999,0.222,10.0,6.5
Matt Strahm,25,939,MLB-AL,Kansas City,8,0,,,,9.2,4,2,2,2,15,2,0,1.86,32,0,0,0,1,0,0,0,0,34,158,0.68,0.23,0.11,0.47,0.06,0.06,0.621,0.133,14.0,7.5
Dan Straily,28,941,MLB-NL,Miami,5,5,,2.0,,29.2,14,10,10,14,32,3,1,3.03,102,7,0,0,1,0,0,1,0,117,482,0.65,0.18,0.11,0.36,0.14,0.21,0.9440000000000001,0.16399999999999998,9.7,2.29
Stephen Strasburg,28,940,MLB-NL,Washington,5,5,2.0,1.0,,32.2,30,12,12,10,34,3,1,3.31,121,7,0,1,4,2,2,0,0,135,531,0.67,0.16,0.12,0.47,0.29,0.05,1.224,0.314,9.4,3.4
Chris Stratton,26,951,MLB-NL,San Francisco,2,0,,1.0,,3.1,4,5,5,2,3,0,0,13.5,14,1,0,0,0,0,0,0,0,16,64,0.63,0.2,0.13,0.55,0.18,0.09,1.8,0.364,8.1,1.5
Hunter Strickland,28,937,MLB-NL,San Francisco,12,0,,1.0,,8.1,9,2,2,7,9,0,0,2.16,33,1,1,2,0,1,1,0,0,41,151,0.63,0.19,0.09,0.28,0.2,0.2,1.92,0.36,9.7,1.29
Ross Stripling,27,942,MLB-NL,Los Angeles,7,0,,2.0,,12.2,18,7,7,4,14,0,0,4.97,50,5,0,1,4,1,1,0,0,57,229,0.63,0.18,0.13,0.42,0.37,0.03,1.7369999999999999,0.486,9.9,3.5
Marcus Stroman,26,937,MLB-AL,Toronto,6,6,2.0,1.0,,36.0,44,17,16,11,31,3,1,4.0,141,5,0,0,9,0,3,2,0,153,554,0.64,0.19,0.1,0.59,0.19,0.05,1.528,0.38299999999999995,7.8,2.82
Pedro Strop,32,937,MLB-NL,Chicago,11,0,,2.0,,8.1,6,5,4,4,11,1,0,4.32,31,1,0,0,1,0,1,0,0,36,157,0.59,0.16,0.16,0.63,0.16,0.0,1.2,0.263,11.9,2.75
Brent Suter,27,957,MLB-NL,Milwaukee,2,0,,,,4.0,3,0,0,1,2,0,1,0.0,13,0,0,0,1,0,0,0,0,15,50,0.64,0.28,0.0,0.36,0.27,0.0,1.0,0.273,4.5,2.0
Anthony Swarzak,31,937,MLB-AL,Chicago,12,0,1.0,,,15.2,2,0,0,2,19,0,0,0.0,45,0,0,0,3,1,1,0,0,48,198,0.7,0.16,0.21,0.41,0.04,0.15,0.255,0.07400000000000001,10.9,9.5
Noah Syndergaard,24,950,MLB-NL,New York,3,3,,2.0,,14.1,18,12,9,2,16,0,1,5.65,62,3,0,1,0,1,1,0,0,66,239,0.68,0.18,0.13,0.55,0.2,0.02,1.395,0.38299999999999995,10.0,8.0
Jameson Taillon,25,947,MLB-NL,Pittsburgh,4,4,2.0,1.0,,22.1,25,12,11,9,20,3,1,4.43,88,4,1,0,3,0,1,0,0,99,376,0.63,0.19,0.09,0.51,0.31,0.04,1.5219999999999998,0.33799999999999997,8.1,2.22
Masahiro Tanaka,28,942,MLB-AL,New York,5,5,5.0,,,35.2,32,12,11,5,24,4,0,2.78,135,10,0,0,5,0,0,1,0,140,498,0.68,0.18,0.11,0.57,0.21,0.04,1.037,0.262,6.1,4.8
Ben Taylor,24,941,MLB-AL,Boston,5,0,,,,5.1,9,4,4,4,3,0,0,6.75,25,0,1,0,1,0,0,0,0,29,119,0.61,0.16,0.07,0.46,0.17,0.08,2.438,0.409,5.1,0.75
Junichi Tazawa,31,940,MLB-NL,Miami,10,0,1.0,,,10.0,6,4,4,5,9,1,0,3.6,36,0,0,0,0,0,4,0,0,41,189,0.61,0.16,0.1,0.33,0.3,0.11,1.1,0.192,8.1,1.8
Julio Teheran,26,937,MLB-NL,Atlanta,6,6,3.0,3.0,,33.1,34,21,21,18,24,5,2,5.67,129,4,0,2,2,2,4,1,1,151,595,0.64,0.18,0.09,0.36,0.25,0.12,1.56,0.284,6.5,1.33
Ryan Tepera,29,938,MLB-AL,Toronto,12,0,2.0,1.0,1.0,16.2,11,8,8,9,18,1,2,4.32,58,1,1,2,3,0,1,0,0,69,312,0.6,0.15,0.13,0.33,0.23,0.15,1.2,0.256,9.7,2.0
Nick Tepesch,28,944,MLB-AL,Minnesota,1,1,,1.0,,1.2,5,7,1,2,2,1,0,5.4,11,2,0,0,0,0,1,0,0,13,56,0.54,0.2,0.02,0.56,0.11,0.0,4.2,0.5,10.8,1.0
Jake Thompson,23,940,MLB-NL,Philadelphia,3,0,,,,5.0,6,5,5,4,3,1,0,9.0,19,0,1,0,0,2,0,0,0,25,88,0.57,0.14,0.11,0.33,0.17,0.17,2.0,0.294,5.4,0.75
Chris Tillman,29,937,MLB-AL,Baltimore,2,2,1.0,,,9.1,11,3,3,5,8,0,0,2.89,38,3,0,0,1,1,0,0,0,44,198,0.57,0.12,0.09,0.35,0.42,0.06,1.714,0.355,7.7,1.6
Josh Tomlin,32,938,MLB-AL,Cleveland,5,5,2.0,2.0,,32.0,32,12,12,2,21,2,0,3.38,121,7,0,0,5,2,0,0,0,125,452,0.67,0.21,0.08,0.51,0.27,0.03,1.063,0.3,5.9,10.5
Michael Tonkin,27,944,MLB-AL,Minnesota,7,0,,1.0,,6.2,11,11,8,8,10,4,1,10.8,33,2,0,0,0,0,0,0,0,42,169,0.57,0.14,0.1,0.3,0.26,0.04,2.85,0.368,13.5,1.25
Carlos Torres,34,938,MLB-NL,Milwaukee,14,0,2.0,3.0,,13.1,18,7,7,6,9,1,0,4.73,56,3,1,0,0,0,1,0,0,63,238,0.64,0.11,0.09,0.43,0.23,0.11,1.8,0.37,6.1,1.5
Jose Torres,23,937,MLB-NL,San Diego,12,0,,2.0,1.0,9.0,10,6,6,1,10,0,1,6.0,37,1,0,0,0,0,3,0,0,40,148,0.68,0.15,0.1,0.39,0.39,0.11,1.222,0.37,10.0,10.0
Blake Treinen,29,940,MLB-NL,Washington,12,0,,1.0,,12.1,22,12,12,8,11,1,1,8.76,57,5,0,1,2,1,1,0,0,67,246,0.62,0.15,0.15,0.54,0.26,0.04,2.432,0.457,8.0,1.38
Andrew Triggs,28,940,MLB-AL,Oakland,5,5,3.0,2.0,,29.0,24,14,10,6,27,1,3,3.1,110,3,1,0,3,0,5,0,0,120,447,0.62,0.17,0.12,0.57,0.24,0.07,1.034,0.28,8.4,4.5
Sam Tuivailala,24,940,MLB-NL,St. Louis,3,0,2.0,,,4.0,1,0,0,3,3,0,0,0.0,12,0,0,1,2,0,0,0,0,15,61,0.67,0.2,0.08,0.78,0.22,0.0,1.0,0.111,6.8,1.0
Jacob Turner,26,937,MLB-NL,Washington,6,1,1.0,1.0,,15.2,15,6,5,3,12,1,0,2.87,59,3,1,1,2,0,1,0,0,63,228,0.65,0.17,0.05,0.35,0.33,0.13,1.149,0.304,6.9,4.0
Koji Uehara,42,938,MLB-NL,Chicago,11,0,1.0,2.0,,9.0,8,6,4,2,10,0,0,4.0,35,3,0,0,0,0,0,0,0,37,146,0.7,0.14,0.16,0.13,0.33,0.17,1.111,0.32,10.0,5.0
Jose Urena,25,938,MLB-NL,Miami,6,2,1.0,1.0,,23.1,22,5,5,7,11,2,1,1.93,86,0,2,1,4,0,0,1,1,94,351,0.6,0.11,0.07,0.46,0.19,0.05,1.2429999999999999,0.27399999999999997,4.2,1.57
Julio Urias,20,941,MLB-NL,Los Angeles,3,3,,,,17.0,9,2,2,10,10,0,0,1.06,55,2,0,1,4,0,0,0,0,66,277,0.61,0.16,0.09,0.39,0.32,0.07,1.1179999999999999,0.2,5.3,1.0
Cesar Valdez,32,948,MLB-AL,Oakland,4,1,,,,9.1,14,10,10,4,5,4,0,9.64,40,3,0,0,1,0,0,1,0,44,161,0.61,0.12,0.11,0.46,0.4,0.0,1.929,0.32299999999999995,4.8,1.25
Jose Valdez,27,951,MLB-AL,Los Angeles,1,0,,,,1.0,1,2,2,1,1,1,0,18.0,4,0,0,0,0,0,0,0,0,5,16,0.56,0.25,0.0,0.33,0.0,0.33,2.0,0.0,9.0,1.0
Jason Vargas,34,939,MLB-AL,Kansas City,5,5,3.0,1.0,,31.0,23,5,4,6,25,1,1,1.16,112,3,0,0,2,0,1,2,1,120,472,0.64,0.19,0.12,0.37,0.26,0.09,0.935,0.256,7.3,4.17
Felipe Vazquez,25,937,MLB-NL,Pittsburgh,13,0,,1.0,,14.2,8,5,1,4,17,2,2,0.61,52,0,0,0,1,0,0,1,0,58,246,0.67,0.17,0.14,0.62,0.12,0.09,0.818,0.182,10.4,4.25
Vince Velasquez,25,944,MLB-NL,Philadelphia,4,4,2.0,1.0,,24.1,20,13,13,8,17,5,1,4.81,90,4,1,0,2,0,0,0,0,99,375,0.68,0.17,0.1,0.49,0.23,0.09,1.151,0.221,6.3,2.13
Justin Verlander,34,941,MLB-AL,Detroit,5,5,2.0,2.0,,29.0,30,19,18,16,28,3,0,5.59,115,5,1,0,2,0,1,0,0,131,537,0.63,0.16,0.09,0.3,0.27,0.07,1.5859999999999999,0.321,8.7,1.75
Logan Verrett,27,941,MLB-AL,Baltimore,2,0,2.0,,,5.0,3,0,0,1,4,0,1,0.0,16,0,0,1,0,0,1,0,0,20,65,0.71,0.2,0.15,0.45,0.27,0.09,0.8,0.25,7.2,4.0
Nick Vincent,30,937,MLB-AL,Seattle,12,0,1.0,1.0,,12.2,8,3,3,2,11,1,0,2.13,46,3,0,1,1,0,0,0,0,48,157,0.68,0.13,0.11,0.29,0.24,0.18,0.789,0.20600000000000002,7.8,5.5
Arodys Vizcaino,26,937,MLB-NL,Atlanta,12,0,,1.0,,10.1,8,5,5,3,16,3,1,4.35,39,1,0,0,0,0,0,0,0,43,156,0.63,0.18,0.16,0.4,0.12,0.04,1.065,0.25,13.9,5.33
Edinson Volquez,33,937,MLB-NL,Miami,5,5,,4.0,,23.2,23,14,13,21,24,2,1,4.94,87,4,2,0,2,1,2,1,2,110,445,0.56,0.18,0.09,0.45,0.25,0.06,1.859,0.33899999999999997,9.1,1.14
Michael Wacha,25,943,MLB-NL,St. Louis,5,5,1.0,1.0,,30.2,30,13,12,8,28,4,1,3.52,114,5,0,0,4,0,2,0,0,124,457,0.63,0.18,0.1,0.41,0.34,0.02,1.239,0.317,8.2,3.5
Bobby Wahl,25,943,MLB-AL,Oakland,3,0,,,,3.1,2,1,1,1,4,0,1,2.7,12,1,0,0,0,0,0,0,0,14,51,0.63,0.1,0.1,0.0,0.43,0.29,0.9,0.25,10.8,4.0
Adam Wainwright,35,941,MLB-NL,St. Louis,5,5,2.0,1.0,,26.1,39,18,18,9,24,4,1,6.15,109,7,2,2,5,0,0,0,0,121,509,0.61,0.18,0.07,0.52,0.31,0.0,1.8230000000000002,0.43200000000000005,8.2,2.67
Taijuan Walker,24,937,MLB-NL,Arizona,6,6,2.0,2.0,,35.0,35,17,14,10,34,3,1,3.6,137,13,0,2,3,0,3,0,0,149,603,0.61,0.18,0.1,0.52,0.21,0.05,1.286,0.32,8.7,3.4
Adam Warren,29,939,MLB-AL,New York,8,0,,,,13.0,7,3,1,7,12,0,1,0.69,46,3,0,1,1,0,0,0,0,54,224,0.58,0.15,0.1,0.38,0.15,0.15,1.077,0.20600000000000002,8.3,1.71
Tony Watson,32,937,MLB-NL,Pittsburgh,9,0,1.0,,6.0,10.2,11,3,3,4,9,2,1,2.53,44,1,0,0,2,0,1,0,0,49,171,0.65,0.13,0.14,0.47,0.21,0.09,1.406,0.273,7.6,2.25
Jered Weaver,34,941,MLB-NL,San Diego,5,5,,3.0,,24.2,33,27,21,5,13,10,2,7.66,104,7,0,0,1,1,2,0,0,113,387,0.65,0.18,0.09,0.45,0.27,0.06,1.541,0.28,4.7,2.6
Ryan Weber,26,937,MLB-AL,Seattle,1,1,,,,3.2,3,1,1,0,0,0,0,2.45,14,1,0,0,0,0,1,0,0,14,52,0.77,0.33,0.02,0.5,0.36,0.0,0.818,0.214,0.0,
Zack Wheeler,27,941,MLB-NL,New York,4,4,1.0,1.0,,23.1,15,8,7,12,21,3,1,2.7,81,1,0,1,3,0,2,0,0,94,395,0.61,0.18,0.1,0.57,0.22,0.03,1.157,0.21100000000000002,8.1,1.75
Chase Whitley,28,939,MLB-AL,Tampa Bay,11,0,1.0,,1.0,15.2,5,3,3,6,10,0,0,1.72,50,2,0,0,2,0,0,0,0,56,222,0.62,0.15,0.12,0.33,0.28,0.18,0.7020000000000001,0.125,5.7,1.67
Tom Wilhelmsen,33,937,MLB-NL,Arizona,13,0,,,,13.0,9,3,3,2,10,1,1,2.08,46,0,0,0,1,0,2,0,0,49,200,0.65,0.15,0.08,0.58,0.22,0.0,0.846,0.22899999999999998,6.9,5.0
Adam Wilk,29,943,MLB-NL,New York,1,1,,1.0,,3.2,8,6,5,1,2,3,0,12.27,18,2,0,0,0,0,0,0,0,20,80,0.66,0.18,0.09,0.29,0.59,0.06,2.455,0.385,4.9,2.0
Trevor Williams,25,937,MLB-NL,Pittsburgh,6,2,2.0,2.0,,15.2,18,14,11,9,10,4,0,6.32,64,2,0,0,0,1,0,1,0,74,293,0.61,0.2,0.06,0.44,0.25,0.15,1.723,0.275,5.7,1.11
Alex Wilson,30,937,MLB-AL,Detroit,11,0,1.0,1.0,,10.0,7,3,1,2,6,0,0,0.9,39,0,0,1,1,0,0,0,0,41,142,0.66,0.2,0.06,0.5,0.31,0.03,0.9,0.212,5.4,3.0
Justin Wilson,29,937,MLB-AL,Detroit,12,0,,1.0,1.0,11.0,4,2,2,2,21,1,0,1.64,37,1,1,0,0,0,0,0,0,39,193,0.65,0.15,0.17,0.44,0.06,0.06,0.545,0.2,17.2,10.5
Tyler Wilson,27,946,MLB-AL,Baltimore,4,1,1.0,1.0,,8.2,8,4,4,3,2,2,0,4.15,33,0,0,1,1,0,0,0,0,36,137,0.61,0.15,0.07,0.43,0.2,0.07,1.2690000000000001,0.207,2.1,0.67
Matt Wisler,24,947,MLB-NL,Atlanta,4,0,,,,5.0,9,7,7,3,1,1,0,12.6,23,2,0,0,1,0,0,0,0,26,89,0.63,0.16,0.06,0.41,0.23,0.05,2.4,0.381,1.8,0.33
Nick Wittgren,26,937,MLB-NL,Miami,6,0,,,,6.0,9,3,3,0,6,0,0,4.5,26,2,0,0,0,1,0,0,0,27,111,0.68,0.14,0.11,0.27,0.36,0.05,1.5,0.429,9.0,
Alex Wood,26,937,MLB-NL,Los Angeles,6,5,4.0,,,30.0,22,9,8,5,43,1,0,2.4,114,3,0,1,0,0,1,0,0,119,468,0.67,0.2,0.13,0.68,0.18,0.03,0.9,0.3,12.9,8.6
Blake Wood,31,938,MLB-NL,Cincinnati,11,0,,2.0,,11.2,9,6,5,7,11,0,0,3.86,42,1,0,0,1,1,0,0,0,50,200,0.61,0.17,0.13,0.69,0.22,0.0,1.371,0.281,8.5,1.57
Travis Wood,30,941,MLB-AL,Kansas City,7,0,,2.0,,8.2,13,10,9,5,6,1,0,9.35,36,4,0,0,2,1,0,0,0,42,169,0.64,0.15,0.07,0.45,0.32,0.06,2.077,0.4,6.2,1.2
Brandon Workman,28,946,MLB-AL,Boston,1,0,,,,3.0,5,0,0,1,2,0,0,0.0,12,0,0,0,1,0,0,0,0,13,56,0.63,0.23,0.16,0.36,0.45,0.0,2.0,0.5,6.0,2.0
Daniel Wright,26,946,MLB-AL,Los Angeles,2,1,,,,9.0,11,5,5,3,7,1,1,5.0,33,0,0,0,2,0,1,1,1,37,140,0.57,0.16,0.11,0.39,0.39,0.04,1.556,0.4,7.0,2.33
Steven Wright,32,951,MLB-AL,Boston,3,3,1.0,2.0,,16.0,25,12,10,2,8,4,0,5.63,72,8,0,0,2,0,0,0,0,74,256,0.68,0.17,0.07,0.42,0.27,0.05,1.6880000000000002,0.35,4.5,4.0
Kirby Yates,30,938,"MLB-NL,MLB-AL","San Diego,Los Angeles",7,0,,,,7.1,7,3,2,2,9,2,0,2.45,29,1,0,0,0,0,2,0,0,31,115,0.71,0.18,0.2,0.25,0.15,0.15,1.227,0.278,11.0,4.5
Gabriel Ynoa,24,945,MLB-AL,Baltimore,1,0,1.0,,,6.0,6,0,0,0,5,0,0,0.0,23,1,0,0,1,0,0,0,0,23,101,0.68,0.17,0.13,0.44,0.22,0.11,1.0,0.33299999999999996,7.5,
Michael Ynoa,25,938,MLB-AL,Chicago,8,0,,,,12.1,8,4,4,5,8,3,2,2.92,45,1,0,0,1,0,1,0,0,52,203,0.6,0.15,0.1,0.43,0.22,0.11,1.054,0.147,5.8,1.6
Chris Young,38,941,MLB-AL,Kansas City,5,1,,,,11.0,14,9,7,6,7,2,1,5.73,47,3,0,1,1,0,2,1,0,54,198,0.63,0.12,0.1,0.45,0.25,0.15,1.818,0.316,5.7,1.17
Rob Zastryzny,25,944,MLB-NL,Chicago,1,0,,,,4.0,3,3,3,4,1,1,0,6.75,13,0,0,0,2,0,0,0,0,17,88,0.55,0.15,0.05,0.42,0.17,0.08,1.75,0.182,2.3,0.25
Brad Ziegler,37,938,MLB-NL,Miami,11,0,1.0,2.0,,8.1,14,10,9,7,2,0,1,9.72,35,3,0,2,2,0,0,0,0,45,157,0.57,0.11,0.05,0.67,0.21,0.09,2.52,0.424,2.2,0.29
Jordan Zimmermann,31,938,MLB-AL,Detroit,5,5,2.0,1.0,,28.0,42,22,21,7,16,8,1,6.75,119,5,1,1,6,1,2,0,0,129,464,0.6,0.15,0.09,0.26,0.32,0.12,1.75,0.354,5.1,2.29
Tony Zych,26,937,MLB-AL,Seattle,10,0,2.0,,,10.0,9,3,3,5,8,1,1,2.7,37,1,0,0,1,1,0,0,0,44,160,0.61,0.21,0.13,0.3,0.33,0.13,1.4,0.276,7.2,1.6
